"tid";"day_type";"p";"profile";"quarter_hour"
97;SA;0.159;H0Winter;49
98;SA;0.07740000000000001;G0Summer;92
99;WD;0.1133;H0Winter;92
100;SA;0.21209999999999998;L0Winter;40
101;SU;0.0496;G0Winter;34
102;SA;0.1494;H0Summer;92
103;WD;0.1373;H0Intermediate;57
104;SU;0.0565;L0Winter;19
105;SU;0.12340000000000001;H0Summer;75
106;SU;0.09079999999999999;G0Winter;83
107;WD;0.0829;L0Intermediate;95
108;WD;0.1093;L0Winter;65
109;WD;0.071;G0Intermediate;21
110;SA;0.1584;L0Summer;41
111;WD;0.08170000000000001;G0Intermediate;91
112;WD;0.053700000000000005;L0Intermediate;17
113;WD;0.1382;H0Summer;45
114;SU;0.0508;H0Summer;15
115;SA;0.07709999999999999;H0Winter;31
116;SA;0.1221;L0Summer;74
117;SA;0.0395;H0Winter;16
118;SA;0.053399999999999996;L0Summer;12
119;SU;0.07390000000000001;G0Summer;74
120;SU;0.123;L0Winter;87
121;WD;0.055799999999999995;G0Intermediate;16
122;SA;0.0832;G0Summer;65
123;SA;0.11320000000000001;L0Winter;88
124;SU;0.0832;G0Intermediate;53
125;SU;0.1789;L0Winter;42
126;SA;0.151;L0Intermediate;33
127;SA;0.0621;L0Winter;25
128;SU;0.1792;L0Summer;80
129;SU;0.1535;H0Winter;75
130;WD;0.1071;H0Summer;96
131;SU;0.139;H0Winter;73
132;SU;0.0504;G0Winter;28
133;SU;0.0432;H0Intermediate;24
134;WD;0.1338;G0Summer;76
135;SA;0.1261;H0Winter;90
136;WD;0.14909999999999998;L0Winter;85
137;SA;0.1684;H0Winter;52
138;SA;0.1448;H0Winter;41
139;SU;0.08120000000000001;H0Intermediate;4
140;WD;0.0503;H0Summer;11
141;WD;0.1157;H0Winter;44
142;SU;0.042;G0Winter;17
143;SA;0.0873;L0Intermediate;67
144;SA;0.0906;G0Winter;85
145;SA;0.0456;H0Winter;26
146;SU;0.0431;H0Intermediate;18
147;WD;0.18580000000000002;L0Winter;34
148;WD;0.1175;H0Summer;95
149;SA;0.15580000000000002;L0Intermediate;50
150;WD;0.1017;L0Winter;91
151;WD;0.1148;H0Intermediate;63
152;SA;0.0391;H0Winter;17
153;WD;0.1515;H0Summer;77
154;SU;0.1846;H0Summer;43
155;SA;0.1221;L0Winter;54
156;SA;0.062200000000000005;L0Summer;28
157;SA;0.1524;H0Intermediate;40
158;WD;0.1225;L0Intermediate;52
159;SU;0.15819999999999998;L0Winter;47
160;WD;0.11120000000000001;L0Winter;89
161;SU;0.0565;L0Winter;17
162;WD;0.18359999999999999;G0Intermediate;67
163;WD;0.1125;L0Winter;55
164;SA;0.1636;L0Summer;78
165;SU;0.149;H0Intermediate;77
166;SU;0.039299999999999995;H0Winter;18
167;WD;0.0492;H0Summer;12
168;SA;0.1641;H0Summer;42
169;SU;0.057;H0Summer;10
170;SU;0.111;H0Intermediate;66
171;WD;0.09670000000000001;G0Winter;83
172;SU;0.18159999999999998;L0Summer;38
173;WD;0.14809999999999998;L0Summer;83
174;SU;0.1718;L0Summer;39
175;SU;0.0683;L0Winter;2
176;SU;0.09540000000000001;L0Summer;91
177;WD;0.0536;L0Intermediate;18
178;SU;0.11159999999999999;H0Winter;92
179;WD;0.16540000000000002;G0Summer;73
180;WD;0.068;H0Winter;26
181;SU;0.0911;H0Intermediate;34
182;SU;0.0555;L0Intermediate;22
183;SU;0.2362;L0Winter;78
184;SU;0.1396;L0Intermediate;44
185;SU;0.1221;L0Intermediate;88
186;WD;0.1502;H0Summer;56
187;SU;0.13369999999999999;H0Winter;39
188;SU;0.1933;H0Winter;46
189;SU;0.1113;L0Winter;60
190;SA;0.1589;H0Summer;40
191;WD;0.052399999999999995;H0Summer;9
192;SA;0.0545;H0Summer;10
193;SA;0.1631;H0Intermediate;59
194;WD;0.1338;L0Summer;42
195;SA;0.16440000000000002;H0Winter;84
196;SA;0.0778;G0Intermediate;7
197;SU;0.1271;H0Intermediate;62
198;WD;0.06609999999999999;L0Summer;2
199;WD;0.1814;G0Intermediate;64
200;SA;0.1861;G0Intermediate;38
201;SU;0.05;L0Summer;17
202;WD;0.061;L0Winter;8
203;WD;0.09359999999999999;L0Winter;93
204;SU;0.0864;L0Intermediate;94
205;SU;0.1656;H0Winter;77
206;WD;0.1765;H0Intermediate;81
207;SU;0.0718;G0Summer;60
208;SU;0.09040000000000001;L0Summer;92
209;SU;0.1876;H0Intermediate;54
210;SU;0.0757;G0Winter;59
211;WD;0.1706;H0Summer;81
212;SA;0.07390000000000001;G0Summer;27
213;WD;0.0569;L0Winter;16
214;WD;0.132;H0Summer;32
215;WD;0.1318;L0Summer;32
216;WD;0.09259999999999999;L0Intermediate;93
217;SA;0.068;L0Intermediate;4
218;SU;0.0531;L0Summer;23
219;SU;0.0755;G0Summer;91
220;WD;0.1055;H0Intermediate;68
221;WD;0.16069999999999998;H0Summer;52
222;SU;0.0526;G0Summer;31
223;WD;0.21919999999999998;G0Intermediate;46
224;SU;0.1253;L0Intermediate;72
225;SU;0.0958;L0Intermediate;68
226;SU;0.16119999999999998;L0Winter;49
227;SA;0.0885;L0Winter;67
228;WD;0.11170000000000001;H0Intermediate;64
229;WD;0.1626;L0Summer;34
232;SA;0.1664;L0Winter;74
233;SU;0.0747;G0Winter;89
234;SA;0.0906;G0Intermediate;86
236;SU;0.1019;L0Summer;57
238;WD;0.15730000000000002;H0Intermediate;77
239;WD;0.0596;L0Winter;10
241;SU;0.119;H0Intermediate;64
242;SA;0.1673;H0Intermediate;73
243;SU;0.0632;G0Winter;2
244;SU;0.07940000000000001;G0Winter;57
245;SA;0.1741;H0Summer;56
248;SA;0.0654;G0Winter;1
249;SU;0.1522;H0Intermediate;84
251;SA;0.1447;H0Intermediate;38
254;SU;0.10690000000000001;L0Winter;66
257;WD;0.0756;G0Winter;92
258;SU;0.0509;L0Summer;15
260;SA;0.10579999999999999;H0Winter;34
261;SU;0.058;L0Winter;12
263;SU;0.056600000000000004;L0Winter;16
264;SA;0.1695;L0Winter;45
266;WD;0.1364;G0Winter;33
267;SA;0.0832;G0Winter;69
268;WD;0.0455;H0Intermediate;10
269;SU;0.09459999999999999;G0Winter;80
270;SU;0.1372;H0Winter;87
271;SA;0.0863;L0Intermediate;63
272;WD;0.1389;H0Summer;75
273;SA;0.1694;H0Summer;47
274;SU;0.0432;H0Intermediate;20
275;WD;0.11120000000000001;L0Summer;53
276;WD;0.043;H0Intermediate;15
290;SA;0.0715;L0Intermediate;96
295;WD;0.053700000000000005;H0Intermediate;24
301;SA;0.1409;H0Winter;66
302;SA;0.0702;G0Summer;10
305;SU;0.0691;H0Winter;5
308;WD;0.0777;G0Intermediate;26
311;WD;0.124;H0Winter;57
313;SA;0.0751;H0Intermediate;3
314;SU;0.039700000000000006;H0Winter;26
315;SU;0.066;L0Winter;3
318;SA;0.089;G0Intermediate;87
320;SA;0.1579;L0Intermediate;47
329;SU;0.0555;G0Intermediate;8
330;WD;0.054200000000000005;G0Summer;10
332;SU;0.1129;L0Intermediate;54
334;WD;0.1348;H0Intermediate;41
335;SA;0.10740000000000001;H0Winter;95
337;WD;0.13369999999999999;L0Winter;70
339;SU;0.0645;G0Intermediate;65
340;SU;0.0887;G0Intermediate;83
342;SA;0.0889;L0Winter;62
343;SU;0.1428;H0Summer;78
346;SU;0.049100000000000005;H0Intermediate;29
350;SA;0.1303;H0Summer;95
351;SA;0.0565;L0Summer;9
352;SA;0.0673;G0Winter;21
354;SA;0.1472;H0Intermediate;64
355;WD;0.13240000000000002;H0Intermediate;74
356;SA;0.0988;L0Winter;91
357;WD;0.1352;L0Intermediate;45
358;SU;0.14730000000000001;H0Summer;89
359;WD;0.1438;H0Summer;40
360;SU;0.0439;G0Intermediate;17
363;SU;0.0495;G0Intermediate;11
366;SU;0.0768;G0Summer;58
367;WD;0.2;G0Intermediate;37
370;SU;0.0498;H0Summer;27
375;WD;0.0674;L0Summer;27
376;SU;0.0574;L0Winter;13
378;SA;0.0582;L0Winter;22
380;SA;0.0871;L0Intermediate;65
381;WD;0.1545;L0Winter;44
383;SA;0.16490000000000002;G0Intermediate;35
385;SA;0.18309999999999998;H0Intermediate;52
386;SA;0.2215;L0Winter;78
388;SA;0.0505;H0Intermediate;26
390;SA;0.1028;G0Summer;61
392;SA;0.0741;G0Summer;8
393;SU;0.0626;G0Winter;42
394;SA;0.18180000000000002;H0Summer;80
397;WD;0.0596;G0Winter;4
398;SU;0.1389;H0Winter;59
400;SA;0.0785;G0Summer;75
403;SU;0.0804;G0Intermediate;77
409;WD;0.0621;L0Intermediate;5
411;WD;0.1705;H0Intermediate;83
412;SA;0.1188;L0Intermediate;87
413;SA;0.1441;H0Summer;68
414;WD;0.1146;H0Summer;68
415;WD;0.08120000000000001;G0Summer;91
418;SA;0.1047;L0Intermediate;57
420;WD;0.1432;H0Intermediate;56
422;SA;0.0963;L0Winter;69
424;SA;0.0707;H0Intermediate;4
427;WD;0.0494;L0Summer;19
429;SU;0.0418;G0Winter;19
432;WD;0.2017;L0Winter;35
435;SA;0.0974;G0Winter;74
438;SA;0.0699;G0Winter;23
442;SA;0.0819;G0Summer;82
443;SU;0.1148;L0Winter;58
444;WD;0.0695;L0Summer;1
448;SU;0.054700000000000006;L0Intermediate;13
449;SA;0.07590000000000001;G0Summer;68
450;SU;0.0606;L0Summer;3
451;SU;0.06720000000000001;G0Winter;44
452;SU;0.0653;G0Intermediate;95
454;WD;0.1285;H0Intermediate;31
455;WD;0.0551;L0Intermediate;14
456;SU;0.1216;H0Summer;64
457;SA;0.185;G0Summer;49
458;SU;0.1375;H0Intermediate;90
459;SA;0.1212;G0Intermediate;32
460;SA;0.064;G0Winter;16
461;SA;0.15780000000000002;G0Summer;35
462;SA;0.08009999999999999;G0Winter;90
463;WD;0.0715;G0Summer;26
465;WD;0.07690000000000001;H0Summer;3
467;SA;0.0507;H0Summer;20
469;SA;0.0992;L0Summer;72
471;WD;0.040799999999999996;H0Winter;9
472;SA;0.0815;L0Summer;62
475;SU;0.1186;H0Winter;91
476;WD;0.0885;G0Summer;87
477;WD;0.1635;G0Summer;59
230;SU;0.1456;L0Summer;47
231;SU;0.1149;L0Intermediate;89
235;SA;0.07440000000000001;G0Winter;26
237;SA;0.1797;G0Summer;52
240;WD;0.0496;L0Summer;18
246;SA;0.0499;H0Winter;27
247;SA;0.0574;L0Winter;21
250;SA;0.0683;G0Intermediate;16
252;SA;0.0518;L0Summer;15
253;SU;0.057;G0Winter;5
255;SU;0.12190000000000001;H0Winter;38
256;SA;0.1158;H0Winter;35
259;WD;0.117;H0Winter;47
262;SU;0.0514;L0Summer;14
265;SU;0.0438;H0Intermediate;16
277;SU;0.043;G0Winter;14
278;SU;0.1278;L0Summer;85
279;WD;0.1739;L0Summer;35
280;SU;0.12919999999999998;H0Summer;76
281;WD;0.0705;G0Winter;96
282;WD;0.0916;G0Intermediate;82
283;SU;0.0391;H0Winter;25
284;SU;0.0621;L0Winter;6
285;WD;0.1088;L0Winter;58
286;SU;0.0415;H0Winter;15
287;SU;0.1428;H0Intermediate;58
288;WD;0.1373;H0Intermediate;37
289;WD;0.0544;L0Summer;8
291;SU;0.2185;L0Winter;76
292;WD;0.0574;L0Intermediate;9
293;SU;0.097;L0Intermediate;92
294;SU;0.2214;L0Winter;36
296;WD;0.2056;G0Summer;45
297;SA;0.06720000000000001;L0Summer;2
298;SU;0.08070000000000001;H0Winter;96
299;WD;0.0877;L0Intermediate;94
300;WD;0.233;G0Winter;44
303;SU;0.0598;G0Winter;41
304;SA;0.0673;G0Summer;13
306;WD;0.060899999999999996;G0Intermediate;18
307;WD;0.0992;L0Intermediate;66
309;SU;0.0585;L0Winter;22
310;SA;0.0803;G0Summer;66
312;SA;0.1515;H0Winter;85
316;SU;0.1392;H0Summer;92
317;SA;0.0866;L0Intermediate;62
319;SU;0.15059999999999998;H0Intermediate;57
321;WD;0.2195;L0Winter;37
322;SU;0.0572;G0Summer;39
323;SA;0.0885;G0Winter;86
324;SA;0.0523;L0Summer;14
325;SA;0.19290000000000002;H0Winter;82
326;WD;0.1766;G0Winter;75
327;WD;0.198;L0Intermediate;38
328;SU;0.0436;G0Intermediate;18
331;WD;0.1348;H0Winter;53
333;WD;0.1403;H0Intermediate;91
336;WD;0.1165;L0Winter;54
338;WD;0.0598;L0Intermediate;24
341;SU;0.1896;H0Winter;54
344;SU;0.0549;H0Summer;29
345;WD;0.0892;G0Intermediate;86
347;SA;0.1457;H0Intermediate;65
348;SA;0.06659999999999999;H0Intermediate;5
349;WD;0.21209999999999998;G0Intermediate;39
353;SU;0.17880000000000001;H0Intermediate;42
361;SA;0.1837;H0Summer;52
362;WD;0.0813;G0Intermediate;93
364;SU;0.0512;L0Summer;22
365;SU;0.044899999999999995;G0Intermediate;15
368;SA;0.14980000000000002;H0Winter;45
369;SU;0.048;G0Intermediate;12
371;SA;0.07479999999999999;G0Summer;71
372;WD;0.0519;L0Summer;13
373;WD;0.056299999999999996;L0Winter;19
374;WD;0.0663;G0Summer;4
377;SA;0.16490000000000002;H0Intermediate;44
379;WD;0.1373;H0Intermediate;49
382;SU;0.1194;L0Winter;54
384;SA;0.0762;G0Summer;3
387;WD;0.0991;L0Winter;29
389;WD;0.1661;L0Summer;39
391;WD;0.1605;L0Winter;72
395;WD;0.0916;G0Winter;85
396;SA;0.0756;G0Summer;72
399;WD;0.12940000000000002;H0Summer;60
401;SU;0.0512;G0Intermediate;10
402;WD;0.0888;G0Summer;81
404;SA;0.07390000000000001;L0Winter;2
405;SU;0.0627;G0Intermediate;40
406;SA;0.18619999999999998;L0Intermediate;40
407;SA;0.138;L0Summer;45
408;SA;0.2066;L0Winter;37
410;WD;0.1077;L0Intermediate;90
416;SU;0.1731;H0Intermediate;41
417;WD;0.1338;L0Intermediate;86
419;WD;0.1845;G0Intermediate;66
421;WD;0.0564;L0Intermediate;11
423;WD;0.10940000000000001;L0Intermediate;54
425;SA;0.07759999999999999;G0Intermediate;93
426;WD;0.0694;L0Winter;3
428;WD;0.1626;L0Summer;76
430;WD;0.1734;G0Summer;55
431;SA;0.0917;L0Summer;71
433;WD;0.11209999999999999;G0Intermediate;78
434;WD;0.0431;H0Winter;23
436;WD;0.1216;H0Winter;30
437;WD;0.1772;G0Summer;64
439;WD;0.1232;H0Intermediate;93
440;WD;0.10590000000000001;L0Intermediate;55
441;SA;0.0533;H0Summer;25
445;SA;0.0669;G0Summer;14
446;SA;0.1338;H0Intermediate;36
447;SA;0.1777;G0Summer;42
453;SA;0.0761;L0Intermediate;95
464;WD;0.1766;G0Winter;61
466;WD;0.1711;H0Intermediate;79
468;SA;0.0713;G0Summer;96
470;SU;0.16140000000000002;H0Summer;82
473;SU;0.1061;H0Summer;70
474;SA;0.185;L0Winter;43
478;WD;0.1237;H0Winter;71
482;SA;0.0636;G0Winter;15
483;SU;0.08259999999999999;L0Summer;28
484;WD;0.0757;G0Intermediate;1
485;SA;0.054200000000000005;L0Summer;11
486;WD;0.16490000000000002;H0Intermediate;78
487;SA;0.1945;G0Intermediate;46
488;SU;0.164;H0Intermediate;81
479;SU;0.0433;H0Intermediate;25
480;SA;0.1844;G0Summer;46
481;SA;0.2074;G0Winter;45
494;WD;0.13369999999999999;H0Intermediate;42
495;SU;0.0917;L0Intermediate;93
502;WD;0.1258;L0Summer;44
503;WD;0.1148;L0Intermediate;30
504;SA;0.1182;H0Winter;93
510;WD;0.146;L0Winter;71
518;WD;0.1407;L0Intermediate;47
519;SA;0.055600000000000004;L0Intermediate;21
523;SU;0.0881;G0Intermediate;82
524;WD;0.1272;H0Summer;94
525;SU;0.0844;G0Intermediate;87
529;WD;0.13440000000000002;L0Summer;74
530;WD;0.0594;G0Summer;18
542;WD;0.1028;L0Intermediate;57
552;WD;0.086;G0Intermediate;29
553;SU;0.1056;L0Winter;65
554;WD;0.15680000000000002;H0Summer;88
555;SU;0.08159999999999999;G0Summer;82
559;SA;0.0824;G0Winter;68
570;SA;0.09090000000000001;L0Winter;68
571;SA;0.1546;G0Summer;56
572;SU;0.0947;L0Intermediate;66
573;WD;0.0932;G0Summer;80
576;SU;0.0804;G0Intermediate;75
577;WD;0.1426;H0Intermediate;50
578;SA;0.1331;L0Summer;51
579;WD;0.0852;L0Summer;29
586;SA;0.1195;H0Summer;96
587;SA;0.18669999999999998;H0Intermediate;76
591;WD;0.0877;L0Winter;28
592;SU;0.046700000000000005;G0Summer;21
597;SU;0.1989;H0Winter;53
598;WD;0.1215;H0Winter;40
599;WD;0.0554;L0Summer;7
601;WD;0.0994;L0Intermediate;64
602;WD;0.0434;H0Intermediate;18
604;WD;0.2404;G0Winter;48
605;WD;0.0795;G0Intermediate;95
606;SU;0.21180000000000002;H0Intermediate;51
608;WD;0.0495;L0Summer;20
609;WD;0.2006;G0Summer;42
611;SA;0.07690000000000001;G0Intermediate;68
612;SA;0.16540000000000002;L0Winter;50
613;SU;0.0747;G0Summer;49
614;WD;0.0902;H0Winter;95
616;SA;0.1584;L0Summer;77
617;SA;0.06559999999999999;L0Summer;3
618;SU;0.1165;H0Summer;65
619;WD;0.05;L0Summer;17
621;WD;0.18159999999999998;L0Summer;37
623;SA;0.1648;G0Intermediate;56
624;WD;0.1375;L0Intermediate;46
627;WD;0.163;G0Summer;58
630;SA;0.1417;L0Winter;85
631;WD;0.0489;H0Intermediate;23
632;WD;0.052899999999999996;L0Summer;23
633;WD;0.2034;L0Winter;82
634;SU;0.1098;L0Winter;67
635;WD;0.2056;G0Winter;53
636;WD;0.0698;L0Intermediate;26
637;WD;0.22619999999999998;G0Winter;38
638;SU;0.07940000000000001;G0Intermediate;89
639;WD;0.0846;L0Winter;95
641;SU;0.0773;G0Summer;78
642;SA;0.14859999999999998;H0Summer;63
643;SU;0.0747;G0Winter;49
644;SU;0.0564;L0Winter;18
646;SU;0.1571;H0Intermediate;83
647;SU;0.15519999999999998;L0Winter;50
656;WD;0.0885;G0Winter;86
657;WD;0.16219999999999998;H0Winter;75
658;SU;0.0795;G0Summer;55
659;SU;0.2186;L0Winter;39
660;WD;0.1008;L0Summer;55
661;SU;0.0906;L0Intermediate;28
662;SU;0.047200000000000006;G0Summer;28
666;SU;0.045700000000000005;G0Intermediate;14
667;SA;0.0691;G0Intermediate;17
668;SU;0.146;H0Summer;59
669;SU;0.1787;H0Winter;55
672;SA;0.0714;G0Winter;24
675;WD;0.1522;L0Winter;50
680;WD;0.047700000000000006;H0Winter;24
682;WD;0.0793;G0Intermediate;27
683;SA;0.203;G0Winter;50
684;SA;0.1797;L0Summer;37
685;SU;0.0495;L0Summer;20
687;WD;0.058;H0Summer;6
691;SA;0.084;L0Winter;94
692;SA;0.0639;L0Intermediate;7
694;SU;0.0689;G0Winter;62
696;SU;0.05;H0Summer;19
699;SU;0.0916;H0Summer;1
700;SU;0.167;L0Winter;43
702;WD;0.0872;G0Intermediate;87
705;SA;0.0869;G0Summer;85
708;SU;0.13440000000000002;L0Winter;52
711;SA;0.09409999999999999;H0Winter;1
713;SU;0.1464;L0Intermediate;43
714;WD;0.09509999999999999;G0Summer;31
715;WD;0.1356;L0Winter;86
716;SA;0.15919999999999998;H0Intermediate;60
717;SU;0.0984;H0Intermediate;95
718;WD;0.0584;L0Summer;25
719;SU;0.0433;H0Intermediate;17
720;WD;0.038299999999999994;H0Winter;17
721;SA;0.1998;G0Winter;42
722;SU;0.15619999999999998;H0Summer;39
723;SU;0.0554;G0Summer;8
724;WD;0.1638;H0Summer;79
725;WD;0.1157;H0Summer;29
726;SA;0.0871;L0Summer;59
727;WD;0.1199;L0Summer;52
728;SU;0.0592;L0Intermediate;6
729;WD;0.21569999999999998;G0Winter;52
730;SA;0.165;H0Summer;44
731;SU;0.0711;G0Winter;91
732;SU;0.0875;H0Winter;2
733;SU;0.1149;L0Summer;53
735;SU;0.1715;H0Winter;78
736;WD;0.0874;G0Summer;82
737;WD;0.1734;G0Summer;36
741;WD;0.1426;H0Summer;48
744;WD;0.1215;H0Winter;49
750;SU;0.049;G0Winter;27
751;SU;0.052700000000000004;L0Summer;11
752;SA;0.1398;H0Summer;94
753;SU;0.0515;H0Summer;14
489;SA;0.0517;L0Summer;24
490;SU;0.06520000000000001;G0Winter;64
491;WD;0.12390000000000001;H0Summer;72
492;WD;0.1556;H0Winter;85
493;WD;0.055799999999999995;H0Winter;25
496;SA;0.0729;G0Summer;25
497;SU;0.1025;H0Summer;96
498;SU;0.08259999999999999;G0Winter;72
499;WD;0.08209999999999999;G0Winter;88
500;SU;0.060899999999999996;G0Summer;6
501;SA;0.0836;G0Intermediate;66
505;SA;0.0616;H0Summer;8
506;WD;0.1704;H0Summer;82
507;WD;0.1727;H0Winter;83
508;WD;0.053200000000000004;G0Summer;15
509;WD;0.052700000000000004;H0Summer;22
511;WD;0.0688;H0Summer;4
512;SA;0.2054;G0Winter;44
513;SA;0.0385;H0Winter;19
514;SU;0.1315;H0Intermediate;37
515;SA;0.1415;H0Winter;65
516;SU;0.0831;G0Intermediate;79
517;SA;0.0673;G0Summer;17
520;SA;0.0508;H0Summer;22
521;SU;0.114;H0Summer;73
522;SU;0.054299999999999994;G0Summer;32
526;WD;0.1815;G0Intermediate;70
527;WD;0.2404;L0Winter;78
528;WD;0.0824;G0Summer;90
531;SU;0.0544;L0Summer;8
532;SA;0.1472;G0Winter;58
533;WD;0.1364;L0Summer;84
534;WD;0.0497;H0Intermediate;7
535;SA;0.1713;L0Winter;47
536;SU;0.1001;H0Summer;2
537;SA;0.10940000000000001;L0Winter;31
538;SU;0.16340000000000002;L0Summer;82
539;WD;0.2362;L0Winter;77
540;WD;0.1252;L0Winter;87
541;WD;0.23;G0Winter;39
543;SA;0.1819;G0Intermediate;54
544;SA;0.0728;G0Summer;24
545;SA;0.1482;L0Summer;34
546;SA;0.1378;L0Summer;83
547;SA;0.040799999999999996;H0Winter;13
548;SU;0.2024;L0Intermediate;38
549;SU;0.075;H0Winter;4
550;SA;0.21680000000000002;L0Winter;81
551;SU;0.0732;H0Winter;1
556;WD;0.2091;G0Summer;47
557;SA;0.1759;G0Winter;36
558;SU;0.1183;H0Summer;74
560;WD;0.0747;G0Intermediate;23
561;SU;0.1149;H0Intermediate;65
562;WD;0.0624;H0Intermediate;4
563;SU;0.18309999999999998;H0Intermediate;43
564;WD;0.055600000000000004;L0Intermediate;22
565;WD;0.21680000000000002;G0Winter;37
566;WD;0.0741;L0Intermediate;1
567;SA;0.1804;H0Intermediate;75
568;WD;0.0438;H0Intermediate;12
569;SU;0.06609999999999999;G0Intermediate;64
574;SU;0.0804;G0Intermediate;49
575;SU;0.16469999999999999;H0Winter;83
580;WD;0.204;G0Winter;70
581;SA;0.1656;H0Summer;85
582;SU;0.2122;H0Summer;49
583;SA;0.0508;H0Intermediate;9
584;SA;0.12440000000000001;H0Summer;35
585;SA;0.07790000000000001;G0Summer;6
588;SU;0.060200000000000004;L0Winter;9
589;SA;0.08120000000000001;G0Intermediate;91
590;WD;0.08059999999999999;G0Intermediate;94
593;WD;0.1623;H0Summer;53
594;SU;0.15569999999999998;H0Summer;80
595;SA;0.1274;L0Intermediate;86
596;SU;0.076;G0Winter;71
600;WD;0.0644;G0Intermediate;19
603;SU;0.0551;G0Summer;33
607;WD;0.04;H0Winter;21
610;SU;0.0435;H0Intermediate;26
615;SU;0.060399999999999995;H0Intermediate;31
620;SU;0.1088;H0Intermediate;71
622;SA;0.0986;H0Intermediate;32
625;SU;0.0741;G0Intermediate;91
626;SU;0.067;G0Summer;44
628;SA;0.1623;H0Summer;41
629;SA;0.19369999999999998;L0Intermediate;36
640;SU;0.0495;H0Summer;22
645;SU;0.060200000000000004;L0Summer;25
648;WD;0.0723;G0Winter;95
649;WD;0.1434;H0Winter;87
650;SU;0.0692;G0Intermediate;62
651;SA;0.18409999999999999;G0Winter;37
652;SA;0.1701;G0Summer;54
653;WD;0.2009;G0Winter;73
654;SA;0.174;H0Summer;77
655;WD;0.13269999999999998;L0Winter;52
663;SU;0.1148;H0Winter;64
664;SU;0.0798;L0Intermediate;27
665;SU;0.0676;G0Intermediate;63
670;SA;0.1216;H0Winter;92
671;SU;0.18869999999999998;H0Summer;44
673;SA;0.0847;G0Intermediate;78
674;SU;0.1298;H0Winter;89
676;SU;0.0809;G0Intermediate;56
677;SA;0.1006;L0Summer;55
678;SU;0.0635;G0Winter;65
679;WD;0.2115;L0Winter;75
681;SA;0.17959999999999998;L0Summer;38
686;WD;0.0588;L0Winter;22
688;SA;0.0505;H0Winter;8
689;WD;0.09709999999999999;L0Summer;68
690;WD;0.1034;G0Intermediate;79
693;SU;0.061399999999999996;L0Winter;7
695;WD;0.0536;H0Summer;8
697;SA;0.0701;G0Intermediate;1
698;WD;0.1157;H0Winter;45
701;SA;0.06620000000000001;L0Winter;10
703;SA;0.0634;G0Winter;14
704;WD;0.07759999999999999;L0Intermediate;27
706;SA;0.0701;G0Intermediate;19
707;SU;0.0878;G0Winter;73
709;SA;0.0682;H0Intermediate;29
710;SA;0.0722;G0Intermediate;26
712;WD;0.1709;G0Intermediate;56
734;WD;0.1336;H0Intermediate;48
738;SU;0.1371;L0Intermediate;45
739;WD;0.2019;G0Summer;43
740;WD;0.09190000000000001;G0Intermediate;30
742;SA;0.1692;H0Summer;76
743;SU;0.0426;G0Winter;22
745;SA;0.0592;L0Winter;23
746;SA;0.1707;L0Intermediate;76
747;WD;0.043;H0Intermediate;14
748;SU;0.1025;L0Intermediate;91
749;SA;0.1404;L0Summer;46
763;WD;0.12179999999999999;H0Intermediate;30
764;SU;0.094;G0Winter;79
772;WD;0.12840000000000001;H0Intermediate;59
773;WD;0.062299999999999994;G0Intermediate;6
776;SA;0.1315;L0Summer;33
777;WD;0.0442;H0Intermediate;20
778;SU;0.1565;L0Summer;33
779;WD;0.0747;G0Winter;93
791;WD;0.1682;G0Summer;61
793;SA;0.09720000000000001;G0Winter;81
794;SA;0.1549;H0Winter;59
797;WD;0.1973;L0Intermediate;81
798;SA;0.0708;H0Winter;2
801;WD;0.056600000000000004;G0Summer;8
805;SA;0.056799999999999996;L0Winter;19
806;SU;0.2102;H0Winter;51
807;SU;0.07659999999999999;G0Summer;77
810;WD;0.1636;G0Intermediate;59
812;SU;0.1004;L0Summer;59
815;WD;0.09770000000000001;L0Winter;92
818;SU;0.0869;G0Intermediate;81
819;SU;0.1446;L0Summer;50
820;SA;0.1248;G0Winter;32
821;WD;0.061200000000000004;G0Winter;20
822;SU;0.13069999999999998;H0Intermediate;61
823;WD;0.053399999999999996;G0Summer;12
826;WD;0.1;G0Winter;82
828;SA;0.1107;L0Summer;86
829;WD;0.16440000000000002;G0Summer;57
830;WD;0.056;L0Intermediate;12
831;SU;0.0595;G0Intermediate;39
832;SA;0.1465;H0Summer;93
835;SA;0.0508;H0Summer;21
836;WD;0.1535;L0Intermediate;74
837;SU;0.0813;H0Winter;35
846;WD;0.1449;H0Summer;39
847;SU;0.13390000000000002;H0Intermediate;60
848;SU;0.1318;H0Intermediate;91
850;WD;0.0732;G0Intermediate;22
851;WD;0.195;G0Summer;38
854;SU;0.0688;H0Intermediate;32
857;WD;0.1819;L0Intermediate;34
858;WD;0.1761;L0Summer;38
860;WD;0.09620000000000001;L0Summer;59
861;WD;0.1382;L0Intermediate;50
865;SA;0.07859999999999999;G0Intermediate;71
866;SA;0.1692;H0Intermediate;46
867;SU;0.1037;L0Intermediate;29
868;SU;0.048299999999999996;H0Summer;25
869;WD;0.21259999999999998;G0Intermediate;40
888;WD;0.073;G0Intermediate;2
889;WD;0.1489;L0Summer;75
890;SU;0.2085;H0Intermediate;48
891;WD;0.0567;G0Intermediate;10
894;SU;0.2066;L0Winter;40
900;WD;0.0828;H0Winter;27
906;SU;0.1195;L0Summer;86
907;WD;0.0469;H0Summer;15
908;SA;0.1746;H0Winter;71
913;SA;0.1719;G0Summer;37
914;WD;0.0973;L0Summer;57
916;SU;0.047299999999999995;H0Winter;10
917;SU;0.067;G0Winter;63
918;SA;0.1777;H0Intermediate;50
921;SA;0.15180000000000002;H0Winter;60
922;SA;0.0928;G0Winter;84
923;SA;0.0757;G0Intermediate;69
925;SA;0.0871;L0Intermediate;66
927;WD;0.20959999999999998;G0Summer;48
931;SU;0.07529999999999999;L0Winter;26
932;SA;0.0985;L0Summer;88
936;WD;0.051;L0Summer;15
943;WD;0.0963;L0Summer;61
944;SA;0.062299999999999994;H0Intermediate;6
947;WD;0.1115;L0Summer;72
949;SA;0.09390000000000001;L0Winter;30
950;SU;0.1389;L0Summer;84
952;WD;0.1188;L0Intermediate;88
954;WD;0.0624;H0Summer;5
956;SA;0.0574;H0Summer;9
957;SU;0.1581;L0Winter;44
959;SU;0.19240000000000002;H0Summer;54
960;WD;0.0716;G0Summer;23
962;SU;0.2037;H0Summer;47
964;SU;0.0451;G0Intermediate;23
965;WD;0.0579;G0Intermediate;9
967;SA;0.1589;H0Summer;59
968;SA;0.0843;G0Intermediate;75
973;WD;0.2008;L0Winter;40
974;SU;0.0659;G0Summer;43
977;WD;0.0632;L0Winter;6
978;SA;0.09040000000000001;G0Summer;63
979;SA;0.22490000000000002;L0Winter;80
980;WD;0.21459999999999999;G0Intermediate;44
985;WD;0.07590000000000001;G0Summer;28
986;SU;0.0773;G0Winter;51
987;SU;0.1704;L0Intermediate;33
991;SU;0.1565;H0Winter;57
992;SA;0.18519999999999998;H0Intermediate;83
997;SU;0.1129;H0Winter;70
998;SU;0.1714;L0Winter;73
999;SA;0.0621;L0Winter;13
1000;SU;0.0505;G0Winter;9
1003;SU;0.0605;L0Winter;23
1004;SU;0.14880000000000002;L0Intermediate;48
1007;WD;0.06709999999999999;L0Intermediate;3
1008;SA;0.1348;G0Winter;59
1010;SU;0.1734;L0Intermediate;83
1011;SA;0.15;H0Summer;72
1013;SU;0.09540000000000001;L0Intermediate;65
1014;SU;0.06570000000000001;G0Summer;4
1016;SU;0.076;G0Summer;76
1018;WD;0.0584;L0Summer;5
1020;WD;0.0584;L0Winter;13
1022;SA;0.0722;G0Intermediate;27
1024;SA;0.1419;H0Winter;86
1025;WD;0.18669999999999998;G0Winter;55
1027;SU;0.1415;H0Intermediate;89
1029;WD;0.113;L0Intermediate;89
1031;SA;0.18080000000000002;H0Intermediate;51
1035;SU;0.0546;L0Intermediate;15
1038;SU;0.056799999999999996;L0Winter;20
754;WD;0.1423;H0Winter;73
755;SA;0.0505;L0Summer;18
756;SA;0.1398;H0Intermediate;37
757;SA;0.09720000000000001;G0Winter;80
758;WD;0.138;L0Intermediate;73
759;WD;0.101;L0Intermediate;61
760;SA;0.1358;L0Summer;75
761;SA;0.0785;G0Intermediate;5
762;WD;0.2084;G0Summer;49
765;WD;0.0968;L0Summer;67
766;SA;0.0974;G0Winter;75
767;SA;0.0933;G0Summer;30
768;WD;0.07940000000000001;G0Summer;93
769;SA;0.149;H0Winter;61
770;SA;0.1997;G0Winter;51
771;SU;0.0574;L0Winter;21
774;WD;0.046200000000000005;H0Winter;6
775;WD;0.0999;L0Intermediate;63
780;SA;0.1613;L0Intermediate;48
781;SA;0.1672;H0Intermediate;58
782;SU;0.1247;L0Summer;31
783;SU;0.1077;H0Intermediate;67
784;WD;0.114;H0Intermediate;94
785;SA;0.1698;H0Winter;53
786;SU;0.0974;L0Intermediate;62
787;SA;0.0685;G0Intermediate;12
788;SA;0.18530000000000002;L0Intermediate;81
789;SA;0.0528;L0Summer;25
790;SA;0.055200000000000006;L0Summer;10
792;SA;0.06409999999999999;G0Winter;12
795;WD;0.1653;H0Summer;84
796;WD;0.09409999999999999;L0Summer;91
799;SU;0.053700000000000005;G0Winter;7
800;SU;0.0485;G0Summer;15
802;WD;0.0973;L0Summer;65
803;SA;0.0551;L0Intermediate;16
804;SU;0.1021;L0Summer;70
808;SU;0.093;G0Winter;82
809;SA;0.0833;G0Winter;67
811;WD;0.1448;H0Summer;37
813;SA;0.1673;H0Intermediate;45
814;WD;0.055299999999999995;H0Summer;7
816;SU;0.08159999999999999;L0Winter;95
817;WD;0.0549;H0Winter;4
824;SA;0.15880000000000002;G0Winter;57
825;WD;0.0517;G0Winter;8
827;SA;0.1407;H0Summer;37
833;SA;0.1839;H0Intermediate;53
834;SU;0.0714;G0Summer;47
838;WD;0.0546;G0Intermediate;15
839;SU;0.2122;H0Intermediate;49
840;SA;0.0787;L0Intermediate;29
841;SU;0.203;H0Intermediate;47
842;SU;0.1193;L0Intermediate;30
843;WD;0.1515;H0Summer;50
844;WD;0.1426;L0Summer;41
845;WD;0.1651;G0Intermediate;60
849;SA;0.1648;H0Winter;56
852;SA;0.1992;L0Intermediate;37
853;SU;0.09290000000000001;H0Summer;34
855;SA;0.19169999999999998;L0Intermediate;79
856;SA;0.075;G0Winter;7
859;WD;0.0852;G0Winter;87
862;SA;0.054700000000000006;L0Intermediate;17
863;SA;0.0718;G0Intermediate;22
864;WD;0.10690000000000001;H0Intermediate;66
870;SU;0.1482;H0Intermediate;85
871;WD;0.0466;H0Intermediate;9
872;SA;0.0832;G0Summer;29
873;SA;0.1689;L0Winter;46
874;SU;0.0466;G0Summer;20
875;SA;0.0385;H0Winter;22
876;WD;0.1357;H0Summer;93
877;WD;0.1519;H0Summer;90
878;SU;0.07529999999999999;G0Intermediate;59
879;SU;0.0519;H0Summer;28
880;SA;0.17980000000000002;H0Intermediate;55
881;SA;0.0955;L0Intermediate;91
882;SU;0.1732;L0Summer;81
883;WD;0.0541;G0Intermediate;14
884;WD;0.047700000000000006;G0Winter;13
885;SU;0.11320000000000001;H0Intermediate;72
886;SU;0.0528;G0Intermediate;34
887;WD;0.0565;L0Winter;17
892;SU;0.0792;G0Summer;80
893;SA;0.0911;L0Intermediate;60
895;SU;0.08209999999999999;G0Winter;86
896;SU;0.0603;L0Intermediate;24
897;SU;0.051;G0Summer;12
898;SU;0.0722;G0Winter;47
899;WD;0.054200000000000005;G0Intermediate;13
901;SU;0.1999;L0Intermediate;80
902;SA;0.0844;L0Summer;60
903;WD;0.0724;L0Winter;2
904;SA;0.2039;H0Winter;81
905;WD;0.1377;H0Intermediate;35
909;SU;0.055;H0Summer;11
910;SU;0.1077;H0Summer;71
911;WD;0.10479999999999999;H0Intermediate;95
912;SU;0.055799999999999995;L0Intermediate;10
915;SU;0.10840000000000001;L0Intermediate;90
919;WD;0.11309999999999999;L0Winter;67
920;SU;0.1598;H0Summer;81
924;WD;0.2;G0Summer;51
926;WD;0.1326;H0Winter;72
928;WD;0.1124;H0Intermediate;29
929;SA;0.0864;G0Summer;64
930;WD;0.0866;H0Intermediate;1
933;SA;0.07940000000000001;G0Summer;77
934;SU;0.038299999999999994;H0Winter;22
935;SA;0.18130000000000002;L0Winter;83
937;SA;0.153;G0Winter;34
938;SA;0.0734;L0Summer;94
939;WD;0.06720000000000001;G0Summer;20
940;SU;0.07909999999999999;G0Summer;54
941;SU;0.0523;L0Summer;12
942;SU;0.1005;L0Intermediate;59
945;SU;0.17809999999999998;H0Winter;81
946;WD;0.13090000000000002;L0Intermediate;51
948;WD;0.0643;L0Intermediate;4
951;WD;0.0985;L0Summer;56
953;WD;0.16390000000000002;G0Intermediate;58
955;WD;0.0911;G0Intermediate;83
958;WD;0.11309999999999999;H0Intermediate;71
961;SA;0.1288;L0Intermediate;73
963;SU;0.1248;H0Winter;90
966;SA;0.18209999999999998;H0Summer;54
969;SU;0.0701;H0Intermediate;6
970;SU;0.1028;L0Summer;56
971;WD;0.1348;H0Winter;35
972;WD;0.09670000000000001;L0Summer;62
975;WD;0.055299999999999995;L0Summer;24
976;SA;0.0824;L0Summer;61
981;SU;0.0685;L0Winter;25
982;SU;0.07690000000000001;G0Winter;88
983;SU;0.19269999999999998;L0Winter;41
984;SU;0.1615;H0Intermediate;82
988;SA;0.0668;G0Summer;16
989;WD;0.06709999999999999;G0Intermediate;4
990;SA;0.0969;G0Intermediate;63
993;SU;0.055299999999999995;G0Winter;6
994;SU;0.0696;G0Intermediate;44
995;SU;0.0475;G0Summer;16
996;SU;0.13319999999999999;H0Summer;93
1001;WD;0.0876;L0Intermediate;28
1002;SA;0.0526;H0Summer;11
1005;SU;0.17880000000000001;L0Summer;78
1006;SA;0.11309999999999999;L0Intermediate;55
1009;SA;0.0433;H0Intermediate;17
1012;SU;0.0458;G0Summer;25
1015;WD;0.07659999999999999;G0Intermediate;25
1017;SU;0.088;G0Winter;84
1019;WD;0.21359999999999998;L0Winter;36
1021;SA;0.06559999999999999;G0Winter;19
1023;SU;0.0728;G0Winter;90
1026;SU;0.1514;H0Summer;58
1028;SU;0.082;G0Intermediate;88
1030;WD;0.1515;G0Intermediate;75
1032;SU;0.13369999999999999;H0Winter;88
1033;SU;0.21280000000000002;H0Summer;51
1034;SA;0.1472;H0Winter;43
1036;SU;0.1037;L0Intermediate;57
1037;SU;0.06509999999999999;G0Winter;43
1042;SA;0.1827;H0Intermediate;54
1044;SU;0.11120000000000001;L0Winter;89
1047;WD;0.1855;L0Intermediate;39
1051;SA;0.0879;H0Intermediate;31
1052;SA;0.0718;G0Summer;22
1054;SU;0.0433;H0Intermediate;22
1056;SU;0.1448;H0Summer;38
1057;SA;0.0444;H0Intermediate;14
1058;SA;0.0861;H0Winter;32
1059;WD;0.0906;G0Intermediate;85
1060;WD;0.0592;L0Winter;11
1061;SA;0.16369999999999998;L0Intermediate;83
1062;WD;0.1554;H0Intermediate;88
1063;SA;0.0544;L0Summer;26
1066;SA;0.0882;L0Winter;63
1067;SA;0.15880000000000002;H0Summer;74
1068;SA;0.1267;H0Intermediate;35
1069;SA;0.09620000000000001;G0Winter;73
1070;SU;0.0648;L0Intermediate;25
1071;SU;0.0925;G0Winter;77
1072;WD;0.1849;L0Winter;83
1073;WD;0.1022;H0Winter;66
1074;SA;0.0768;G0Winter;27
1076;SA;0.1832;L0Intermediate;35
1077;SA;0.1186;L0Summer;85
1078;SA;0.0635;G0Winter;13
1079;SU;0.0549;L0Intermediate;12
1080;SA;0.1686;L0Intermediate;34
1081;SA;0.1269;L0Winter;32
1086;WD;0.053200000000000004;L0Summer;10
1092;SU;0.12440000000000001;H0Summer;94
1093;SA;0.0648;L0Summer;1
1094;SA;0.0682;H0Winter;3
1095;SA;0.0879;L0Winter;66
1096;SA;0.1465;H0Winter;62
1097;SA;0.0815;L0Winter;29
1098;WD;0.1807;H0Winter;82
1099;SA;0.0583;L0Intermediate;12
1100;SA;0.1723;L0Winter;49
1101;WD;0.1425;H0Summer;92
1103;WD;0.1795;G0Winter;35
1105;SA;0.073;G0Summer;26
1106;WD;0.0725;G0Winter;26
1107;SU;0.1265;H0Winter;61
1109;WD;0.0581;L0Intermediate;8
1112;WD;0.08159999999999999;G0Intermediate;92
1114;WD;0.1357;H0Intermediate;40
1115;SU;0.0518;G0Winter;30
1117;WD;0.13240000000000002;H0Intermediate;58
1120;WD;0.057;G0Winter;5
1122;SA;0.088;L0Winter;64
1124;WD;0.1459;G0Intermediate;34
1126;SU;0.09259999999999999;L0Winter;93
1127;SA;0.1444;L0Summer;47
1128;WD;0.1235;H0Summer;30
1129;SA;0.0889;L0Winter;93
1131;SA;0.1038;G0Winter;62
1132;WD;0.0551;G0Summer;9
1135;WD;0.0682;H0Summer;25
1136;WD;0.0545;L0Intermediate;15
1137;WD;0.081;L0Summer;94
1138;SA;0.1417;H0Winter;67
1139;WD;0.1017;L0Intermediate;59
1142;SU;0.166;H0Summer;40
1143;SA;0.0974;H0Summer;32
1144;SA;0.0729;G0Winter;25
1147;SA;0.0594;L0Winter;15
1148;WD;0.222;G0Intermediate;48
1149;SU;0.0691;G0Summer;61
1150;SA;0.1951;G0Intermediate;47
1152;SA;0.06;L0Intermediate;10
1155;SA;0.038299999999999994;H0Winter;20
1158;WD;0.1305;L0Winter;31
1159;SU;0.08120000000000001;G0Summer;88
1160;SA;0.07940000000000001;G0Intermediate;92
1173;SA;0.2091;H0Winter;75
1174;SU;0.0673;G0Winter;93
1175;SA;0.0727;G0Summer;95
1176;SA;0.1444;H0Winter;63
1177;WD;0.0487;G0Winter;15
1178;SA;0.081;G0Winter;28
1179;SU;0.0805;G0Winter;55
1180;WD;0.09340000000000001;G0Intermediate;81
1181;WD;0.048;H0Summer;19
1183;SA;0.1556;H0Intermediate;41
1185;WD;0.0445;H0Intermediate;11
1186;SA;0.0648;L0Winter;11
1188;WD;0.0638;L0Winter;24
1189;WD;0.1407;H0Summer;35
1190;SA;0.1037;L0Winter;90
1192;WD;0.1695;L0Summer;81
1194;SA;0.0653;L0Intermediate;6
1196;SU;0.0785;G0Intermediate;73
1201;WD;0.1331;H0Winter;36
1202;WD;0.0803;G0Summer;92
1203;WD;0.1354;H0Winter;34
1039;SU;0.0564;G0Intermediate;38
1040;WD;0.1257;H0Summer;61
1041;SU;0.0458;G0Intermediate;25
1043;SU;0.0838;G0Summer;84
1045;SU;0.08209999999999999;G0Intermediate;55
1046;SU;0.061200000000000004;G0Intermediate;68
1048;WD;0.1663;G0Intermediate;57
1049;SU;0.0852;L0Summer;93
1050;WD;0.0531;G0Summer;14
1053;WD;0.1605;H0Summer;54
1055;SU;0.12129999999999999;L0Winter;69
1064;SA;0.0674;L0Winter;27
1065;SA;0.038799999999999994;H0Winter;18
1075;SU;0.0419;G0Winter;18
1082;WD;0.0778;H0Intermediate;2
1083;SU;0.0514;G0Winter;29
1084;WD;0.1119;G0Intermediate;32
1085;SU;0.060399999999999995;G0Winter;96
1087;SA;0.1427;H0Winter;64
1088;WD;0.13319999999999999;H0Summer;74
1089;SU;0.0494;L0Summer;19
1090;SU;0.1616;L0Intermediate;84
1091;SU;0.10490000000000001;H0Intermediate;69
1102;SA;0.2052;H0Winter;74
1104;WD;0.1001;H0Intermediate;28
1108;SA;0.10740000000000001;L0Winter;57
1110;SU;0.126;H0Intermediate;74
1111;WD;0.21209999999999998;G0Intermediate;41
1113;WD;0.21630000000000002;G0Intermediate;50
1116;WD;0.16340000000000002;L0Winter;43
1118;WD;0.1789;H0Winter;77
1119;SU;0.2014;L0Intermediate;78
1121;SU;0.08109999999999999;H0Winter;3
1123;SA;0.045700000000000005;H0Intermediate;12
1125;SU;0.18;H0Summer;42
1130;SU;0.0589;G0Winter;1
1133;SA;0.15230000000000002;H0Intermediate;70
1134;SU;0.0634;H0Winter;6
1140;SA;0.0717;G0Winter;94
1141;SU;0.1323;H0Summer;37
1145;WD;0.0605;H0Summer;24
1146;WD;0.1047;H0Summer;28
1151;WD;0.0866;G0Summer;30
1153;SA;0.038299999999999994;H0Winter;21
1154;WD;0.1417;L0Summer;49
1156;WD;0.0729;H0Intermediate;26
1157;SA;0.06670000000000001;G0Summer;15
1161;SU;0.0925;H0Summer;3
1162;SA;0.14859999999999998;L0Summer;76
1163;WD;0.0384;H0Winter;18
1164;SU;0.046299999999999994;G0Summer;27
1165;SU;0.09209999999999999;G0Winter;75
1166;WD;0.1682;G0Intermediate;61
1167;WD;0.056600000000000004;L0Winter;20
1168;WD;0.2387;L0Winter;79
1169;WD;0.18519999999999998;G0Intermediate;36
1170;WD;0.1205;H0Winter;91
1171;WD;0.1306;H0Intermediate;46
1172;WD;0.1426;L0Intermediate;49
1182;SA;0.0597;L0Summer;7
1184;SA;0.0514;L0Summer;16
1187;WD;0.0567;L0Summer;6
1191;SU;0.1394;L0Intermediate;46
1193;SU;0.0775;G0Intermediate;58
1195;WD;0.1174;L0Winter;68
1197;SA;0.1676;L0Intermediate;42
1198;WD;0.097;L0Summer;63
1199;SU;0.0628;G0Intermediate;66
1200;SA;0.1965;H0Intermediate;78
1204;SA;0.1761;G0Summer;39
1208;WD;0.2001;G0Winter;66
1209;WD;0.2261;L0Winter;76
1210;WD;0.116;H0Winter;70
1213;SA;0.0551;L0Intermediate;20
1216;WD;0.1951;L0Intermediate;35
1217;WD;0.12459999999999999;H0Winter;39
1218;SU;0.053899999999999997;H0Intermediate;30
1221;SU;0.2041;L0Winter;75
1222;SA;0.144;H0Summer;69
1223;SA;0.1775;G0Winter;55
1225;WD;0.1747;G0Intermediate;73
1228;WD;0.22119999999999998;G0Intermediate;47
1231;SU;0.08070000000000001;H0Intermediate;1
1235;SA;0.0659;H0Winter;4
1237;WD;0.1658;L0Intermediate;33
1241;SA;0.1615;L0Summer;80
1243;SU;0.2046;L0Intermediate;36
1244;SU;0.0658;L0Summer;26
1247;SA;0.1741;G0Intermediate;55
1251;SU;0.0562;L0Summer;6
1252;SU;0.0385;H0Winter;20
1255;WD;0.1215;H0Intermediate;61
1256;SU;0.14980000000000002;H0Summer;79
1260;WD;0.19390000000000002;G0Winter;64
1262;SU;0.045200000000000004;G0Winter;12
1263;SU;0.0626;G0Intermediate;69
1265;SU;0.07940000000000001;G0Intermediate;57
1266;SA;0.098;G0Winter;30
1269;WD;0.1859;L0Intermediate;82
1270;SA;0.21109999999999998;H0Winter;76
1273;SA;0.1429;H0Intermediate;88
1274;SA;0.1429;L0Intermediate;74
1279;SU;0.0775;G0Summer;90
1280;SA;0.16119999999999998;L0Intermediate;49
1283;SU;0.0884;H0Winter;95
1285;SU;0.07940000000000001;G0Winter;53
1286;WD;0.040100000000000004;H0Winter;10
1288;SA;0.16469999999999999;H0Summer;43
1289;SA;0.09340000000000001;G0Winter;72
1291;SA;0.08;H0Summer;30
1294;WD;0.19069999999999998;G0Winter;74
1296;SA;0.07709999999999999;G0Winter;6
1300;SU;0.06720000000000001;G0Intermediate;42
1301;SA;0.0834;L0Summer;69
1303;WD;0.1453;H0Summer;38
1305;WD;0.0551;G0Winter;18
1306;WD;0.062200000000000005;L0Summer;26
1308;SU;0.0456;G0Intermediate;24
1309;SA;0.0629;L0Intermediate;27
1310;WD;0.11009999999999999;G0Summer;78
1311;SU;0.0487;G0Winter;10
1312;WD;0.0906;G0Summer;85
1313;SA;0.0676;G0Winter;96
1315;SU;0.0782;G0Intermediate;48
1317;WD;0.0512;L0Summer;22
1318;SU;0.05;L0Summer;21
1321;WD;0.060200000000000004;L0Winter;9
1322;SU;0.0878;G0Intermediate;85
1324;SU;0.1181;H0Winter;63
1205;WD;0.1584;H0Summer;87
1206;SA;0.0584;L0Intermediate;25
1207;WD;0.0965;L0Summer;58
1211;SU;0.08009999999999999;G0Intermediate;74
1212;SA;0.0901;G0Intermediate;82
1214;SA;0.2074;G0Winter;48
1215;SU;0.0464;G0Summer;18
1219;SU;0.0567;L0Winter;15
1220;WD;0.06709999999999999;G0Winter;24
1224;SU;0.11220000000000001;H0Summer;66
1226;WD;0.1047;L0Intermediate;69
1227;SA;0.088;L0Winter;65
1229;WD;0.10479999999999999;L0Summer;71
1230;SA;0.2084;G0Winter;46
1232;SA;0.0689;G0Summer;11
1233;SA;0.0583;L0Winter;16
1234;SA;0.0466;H0Winter;9
1236;SA;0.0569;L0Winter;18
1238;SU;0.1561;L0Winter;72
1239;SA;0.16190000000000002;H0Winter;70
1240;SA;0.0423;H0Winter;11
1242;WD;0.1461;G0Summer;75
1245;SU;0.1636;H0Intermediate;80
1246;SA;0.091;G0Intermediate;30
1248;SA;0.1057;L0Intermediate;71
1249;WD;0.1773;G0Intermediate;63
1250;SU;0.1732;L0Winter;33
1253;SU;0.08020000000000001;G0Intermediate;76
1254;SA;0.1227;G0Summer;59
1257;SU;0.2137;H0Summer;50
1258;WD;0.1752;H0Intermediate;80
1259;SA;0.0968;L0Summer;56
1261;WD;0.1028;L0Summer;89
1264;WD;0.15280000000000002;H0Intermediate;52
1267;SU;0.0445;H0Intermediate;15
1268;WD;0.1014;L0Intermediate;60
1271;SA;0.0726;L0Winter;4
1272;SU;0.0841;L0Winter;27
1275;SA;0.06409999999999999;L0Winter;26
1276;WD;0.1355;L0Intermediate;44
1277;SA;0.1392;G0Winter;33
1278;WD;0.0696;H0Intermediate;3
1281;SU;0.15009999999999998;L0Intermediate;85
1282;SU;0.2027;L0Intermediate;79
1284;WD;0.1746;G0Summer;63
1287;SU;0.0533;G0Intermediate;9
1290;SA;0.1041;L0Summer;87
1292;SA;0.18769999999999998;G0Intermediate;40
1293;SA;0.138;L0Intermediate;85
1295;SA;0.1359;L0Intermediate;52
1297;SA;0.1156;H0Summer;34
1298;SA;0.1449;H0Summer;70
1299;WD;0.0579;G0Intermediate;17
1302;WD;0.1005;G0Summer;79
1304;WD;0.18409999999999999;G0Intermediate;65
1307;SA;0.07940000000000001;G0Summer;78
1314;SA;0.0424;H0Winter;25
1316;SU;0.1442;H0Intermediate;38
1319;SU;0.1459;H0Intermediate;86
1320;WD;0.175;L0Winter;42
1323;SU;0.17909999999999998;H0Winter;80
1325;WD;0.098;H0Winter;94
1327;SA;0.18869999999999998;G0Intermediate;42
1328;WD;0.0911;G0Intermediate;84
1331;SA;0.154;H0Summer;39
1332;SU;0.13069999999999998;L0Winter;70
1333;SU;0.1066;L0Winter;90
1334;SU;0.1354;L0Summer;74
1337;SA;0.12490000000000001;H0Winter;36
1338;SU;0.0466;H0Intermediate;13
1341;WD;0.1176;H0Summer;70
1342;SU;0.1373;H0Summer;61
1343;SU;0.08270000000000001;G0Summer;87
1344;SA;0.0725;G0Intermediate;23
1347;SA;0.09570000000000001;G0Summer;62
1348;SU;0.0384;H0Winter;23
1349;SA;0.1834;L0Winter;75
1350;WD;0.1085;L0Winter;59
1352;SU;0.0837;G0Summer;86
1353;SA;0.10840000000000001;L0Winter;89
1354;SU;0.0645;G0Summer;42
1355;WD;0.1981;G0Winter;65
1357;WD;0.1248;H0Intermediate;60
1359;SA;0.1901;G0Intermediate;43
1362;WD;0.1286;H0Summer;31
1363;WD;0.11370000000000001;H0Winter;60
1365;WD;0.1541;L0Winter;47
1366;SA;0.0713;L0Winter;1
1370;WD;0.098;H0Winter;28
1373;SA;0.2129;L0Winter;38
1377;SU;0.0731;G0Intermediate;46
1378;SA;0.0676;L0Intermediate;1
1380;WD;0.1146;H0Summer;66
1381;SA;0.06670000000000001;L0Intermediate;5
1383;SA;0.060700000000000004;L0Winter;14
1384;SA;0.07440000000000001;G0Intermediate;28
1385;WD;0.2251;G0Winter;51
1386;WD;0.1406;H0Intermediate;75
1387;SU;0.1703;L0Intermediate;75
1388;WD;0.1006;L0Summer;70
1389;SA;0.1766;H0Intermediate;84
1390;WD;0.18059999999999998;L0Summer;36
1392;SU;0.14909999999999998;L0Summer;41
1393;WD;0.0391;H0Winter;13
1394;WD;0.0804;G0Summer;29
1395;WD;0.0639;L0Intermediate;25
1402;WD;0.0841;G0Summer;89
1403;SU;0.15969999999999998;H0Winter;76
1404;WD;0.1945;L0Winter;74
1405;SU;0.09770000000000001;L0Summer;64
1406;SA;0.1093;L0Summer;73
1407;SA;0.08109999999999999;L0Intermediate;94
1409;SU;0.0456;G0Intermediate;26
1411;WD;0.1315;H0Intermediate;47
1415;WD;0.2034;L0Intermediate;36
1419;SU;0.1618;L0Summer;76
1420;SU;0.054299999999999994;L0Intermediate;19
1423;WD;0.13169999999999998;H0Winter;55
1425;SA;0.0704;L0Summer;29
1426;SU;0.1844;L0Intermediate;82
1427;WD;0.0514;L0Summer;14
1428;SA;0.1819;H0Summer;51
1429;SU;0.106;H0Intermediate;70
1430;SA;0.1981;H0Winter;73
1433;WD;0.1039;L0Intermediate;56
1434;WD;0.1157;H0Summer;69
1435;SU;0.1983;H0Summer;46
1436;SA;0.09259999999999999;G0Winter;64
1437;SA;0.0767;G0Intermediate;3
1326;SA;0.0663;G0Winter;20
1329;SU;0.10859999999999999;L0Intermediate;55
1330;SU;0.0505;G0Winter;33
1335;SA;0.1515;H0Summer;61
1336;WD;0.1285;H0Winter;31
1339;WD;0.1271;G0Intermediate;33
1340;WD;0.1482;H0Intermediate;51
1345;SA;0.0813;L0Summer;66
1346;WD;0.13419999999999999;H0Winter;54
1351;SA;0.2013;L0Winter;82
1356;WD;0.1313;G0Winter;78
1358;WD;0.19340000000000002;G0Intermediate;53
1360;WD;0.0531;G0Winter;7
1361;SU;0.13369999999999999;H0Intermediate;75
1364;WD;0.1378;G0Summer;34
1367;WD;0.1119;L0Summer;87
1368;SA;0.2056;L0Winter;41
1369;SU;0.187;H0Intermediate;44
1371;SU;0.1626;H0Winter;42
1372;SU;0.14930000000000002;H0Summer;88
1374;WD;0.12819999999999998;H0Summer;73
1375;SA;0.1103;G0Intermediate;61
1376;SA;0.0516;H0Summer;24
1379;SA;0.109;H0Summer;1
1382;SA;0.18159999999999998;L0Intermediate;77
1391;SU;0.1161;L0Winter;56
1396;SA;0.1311;H0Intermediate;94
1397;SU;0.0466;G0Summer;22
1398;SA;0.14959999999999998;H0Summer;91
1399;WD;0.0648;L0Winter;5
1400;WD;0.0633;G0Summer;19
1401;WD;0.15230000000000002;H0Intermediate;89
1408;SU;0.122;H0Winter;62
1410;SA;0.0839;G0Summer;83
1412;SA;0.06509999999999999;G0Winter;11
1413;SU;0.1231;H0Intermediate;63
1414;SU;0.060700000000000004;G0Summer;69
1416;SU;0.085;G0Winter;85
1417;SA;0.18869999999999998;L0Intermediate;78
1418;WD;0.171;G0Winter;58
1421;WD;0.1792;G0Winter;56
1422;SU;0.0404;H0Winter;27
1424;WD;0.1183;H0Intermediate;72
1431;WD;0.0973;G0Intermediate;80
1432;WD;0.1575;L0Winter;49
1445;SA;0.0431;H0Intermediate;18
1451;WD;0.1173;L0Winter;88
1452;SA;0.1735;L0Winter;48
1454;SU;0.071;G0Intermediate;45
1456;SU;0.1723;L0Summer;77
1458;WD;0.1201;G0Winter;79
1462;SA;0.0813;G0Summer;90
1464;SA;0.1489;H0Summer;90
1467;SU;0.1454;H0Summer;90
1468;WD;0.066;G0Winter;23
1470;WD;0.0572;L0Intermediate;23
1472;SU;0.1705;H0Winter;43
1473;SU;0.046;H0Intermediate;28
1475;WD;0.0588;L0Winter;12
1476;SU;0.1135;L0Summer;87
1478;SU;0.0435;G0Intermediate;19
1481;SA;0.1662;G0Summer;36
1484;SU;0.1352;L0Summer;45
1486;SU;0.174;H0Summer;41
1488;WD;0.0772;G0Summer;95
1489;SU;0.119;H0Summer;36
1491;WD;0.0466;H0Summer;17
1492;SU;0.0458;G0Intermediate;29
1493;SU;0.0687;H0Summer;7
1497;WD;0.0701;G0Intermediate;3
1498;SU;0.07909999999999999;H0Intermediate;33
1499;WD;0.144;H0Summer;57
1500;SU;0.1815;L0Intermediate;40
1503;SU;0.057;L0Winter;14
1504;SA;0.0843;G0Winter;88
1505;SU;0.071;G0Intermediate;61
1509;SU;0.076;G0Winter;50
1510;SA;0.0888;G0Intermediate;81
1514;SA;0.1027;G0Intermediate;62
1515;SU;0.0626;G0Winter;95
1516;WD;0.1732;G0Summer;70
1521;WD;0.1661;L0Winter;84
1527;SA;0.09079999999999999;L0Winter;61
1528;SA;0.0723;L0Winter;5
1531;SU;0.0832;G0Intermediate;52
1532;WD;0.1869;G0Summer;37
1533;SA;0.060399999999999995;H0Summer;27
1534;SU;0.1414;H0Winter;86
1543;SU;0.0803;G0Winter;56
1544;SA;0.1205;G0Summer;32
1548;SU;0.053200000000000004;G0Summer;36
1549;SA;0.055;H0Winter;7
1550;WD;0.15319999999999998;H0Intermediate;54
1551;SA;0.1615;H0Winter;57
1552;SA;0.18530000000000002;G0Summer;48
1553;SU;0.038299999999999994;H0Winter;21
1554;SU;0.09670000000000001;L0Intermediate;63
1555;WD;0.21309999999999998;G0Intermediate;43
1556;SA;0.088;L0Intermediate;61
1557;SA;0.0814;L0Summer;64
1558;SA;0.2122;H0Winter;77
1559;SA;0.071;G0Intermediate;21
1560;SU;0.0589;G0Winter;4
1561;SU;0.061700000000000005;G0Summer;65
1562;SA;0.07379999999999999;G0Intermediate;95
1563;WD;0.0819;G0Intermediate;28
1564;SA;0.14959999999999998;H0Summer;62
1565;SA;0.12830000000000003;L0Winter;86
1566;SU;0.18780000000000002;L0Winter;74
1567;SU;0.10890000000000001;H0Summer;67
1568;WD;0.08209999999999999;G0Intermediate;90
1569;SA;0.0668;G0Winter;10
1572;SU;0.0828;G0Intermediate;54
1575;SA;0.0528;L0Summer;13
1578;SA;0.0546;L0Intermediate;18
1580;SA;0.1185;L0Intermediate;54
1581;WD;0.1025;L0Intermediate;91
1582;SA;0.126;L0Intermediate;53
1583;WD;0.1707;G0Winter;59
1585;SU;0.1093;L0Winter;61
1587;SA;0.0721;G0Winter;8
1589;SA;0.0701;G0Summer;1
1593;SU;0.0973;L0Summer;65
1599;SU;0.1989;H0Intermediate;53
1600;SA;0.0509;L0Summer;23
1603;WD;0.07379999999999999;G0Summer;1
1604;SU;0.0538;G0Winter;39
1606;SU;0.1399;L0Summer;46
1607;SA;0.1535;H0Winter;47
1608;WD;0.0508;H0Summer;21
1438;SA;0.0757;G0Summer;93
1439;SA;0.1671;H0Summer;46
1440;SA;0.12819999999999998;H0Winter;89
1441;WD;0.1662;G0Intermediate;35
1442;SA;0.18130000000000002;G0Summer;44
1443;SA;0.07690000000000001;L0Summer;93
1444;SA;0.09029999999999999;L0Summer;58
1446;SU;0.04;H0Winter;17
1447;WD;0.1998;G0Summer;40
1448;SU;0.1378;L0Winter;31
1449;SA;0.073;G0Intermediate;24
1450;SU;0.0512;G0Winter;32
1453;SA;0.0729;L0Winter;28
1455;WD;0.24;G0Winter;47
1457;WD;0.07640000000000001;G0Winter;91
1459;WD;0.2055;L0Intermediate;78
1460;WD;0.0513;H0Summer;10
1461;SA;0.0804;G0Summer;81
1463;WD;0.0991;L0Intermediate;65
1465;SU;0.1357;H0Summer;77
1466;SA;0.1484;H0Winter;44
1469;WD;0.0712;G0Summer;24
1471;SU;0.044;H0Winter;30
1474;SA;0.0864;G0Winter;87
1477;WD;0.060899999999999996;G0Summer;6
1479;SU;0.0659;G0Intermediate;70
1480;SA;0.1392;H0Intermediate;91
1482;SU;0.0592;H0Summer;30
1483;SA;0.16240000000000002;H0Winter;50
1485;SA;0.07;G0Winter;2
1487;SA;0.1551;H0Summer;87
1490;SA;0.0697;G0Intermediate;18
1494;WD;0.1364;H0Intermediate;39
1495;SU;0.07940000000000001;G0Winter;87
1496;SU;0.09809999999999999;L0Summer;63
1501;WD;0.1348;H0Winter;33
1502;SU;0.22640000000000002;L0Winter;38
1506;SA;0.1546;H0Summer;60
1507;WD;0.1384;H0Summer;58
1508;WD;0.0436;H0Winter;7
1511;WD;0.0394;H0Winter;12
1512;SU;0.11040000000000001;H0Summer;72
1513;WD;0.1004;L0Intermediate;62
1517;SA;0.0916;G0Intermediate;85
1518;SU;0.118;H0Intermediate;36
1519;SU;0.06670000000000001;L0Summer;1
1520;SU;0.16169999999999998;H0Intermediate;56
1522;WD;0.1256;L0Intermediate;72
1523;SU;0.19140000000000001;H0Intermediate;45
1524;SA;0.1989;L0Intermediate;38
1525;SA;0.0705;G0Intermediate;20
1526;SA;0.13390000000000002;G0Summer;58
1529;WD;0.0479;G0Winter;14
1530;SA;0.0611;L0Intermediate;9
1535;SU;0.0732;G0Summer;48
1536;SA;0.0605;L0Winter;24
1537;WD;0.079;L0Winter;27
1538;SU;0.077;G0Summer;51
1539;SA;0.065;G0Winter;18
1540;SU;0.0533;G0Summer;9
1541;WD;0.18469999999999998;H0Winter;78
1542;SU;0.0782;G0Summer;79
1545;SU;0.1356;L0Summer;43
1546;WD;0.1277;H0Winter;38
1547;WD;0.15009999999999998;L0Winter;45
1570;SA;0.1737;H0Intermediate;74
1571;WD;0.137;G0Intermediate;76
1573;WD;0.13069999999999998;H0Winter;37
1574;SU;0.1285;L0Intermediate;52
1576;SU;0.0969;L0Summer;66
1577;SU;0.0407;H0Winter;16
1579;SU;0.0593;H0Intermediate;8
1584;WD;0.0881;G0Summer;83
1586;SA;0.056600000000000004;L0Intermediate;23
1588;SA;0.0778;G0Summer;67
1590;SA;0.171;H0Summer;84
1591;SA;0.0499;H0Summer;17
1592;SU;0.09340000000000001;H0Intermediate;2
1594;WD;0.056600000000000004;H0Intermediate;5
1595;SA;0.1971;G0Winter;41
1596;SA;0.1467;H0Intermediate;68
1597;SA;0.0574;L0Intermediate;13
1598;SU;0.09079999999999999;G0Winter;74
1601;SU;0.1936;L0Intermediate;81
1602;SU;0.0715;G0Intermediate;92
1605;SA;0.0873;G0Intermediate;80
1610;SA;0.1689;G0Winter;56
1616;WD;0.2051;G0Summer;50
1617;WD;0.1751;G0Summer;68
1618;WD;0.092;H0Summer;27
1620;SA;0.1505;L0Intermediate;84
1621;SU;0.0948;L0Winter;28
1622;SA;0.2027;G0Winter;43
1627;SU;0.0424;H0Winter;14
1628;SU;0.0521;G0Winter;8
1632;WD;0.0631;L0Summer;3
1633;SA;0.0777;G0Summer;4
1634;SU;0.049100000000000005;G0Intermediate;31
1639;SU;0.197;L0Intermediate;35
1640;WD;0.1366;L0Summer;47
1645;SU;0.046299999999999994;G0Summer;23
1646;WD;0.1589;H0Intermediate;86
1647;SA;0.1631;G0Summer;55
1648;SU;0.0511;H0Winter;32
1651;SA;0.1383;H0Intermediate;90
1652;SA;0.054700000000000006;L0Intermediate;19
1653;WD;0.1864;H0Winter;81
1654;SA;0.0831;G0Intermediate;90
1655;WD;0.07840000000000001;G0Summer;94
1657;SU;0.1247;H0Intermediate;92
1658;WD;0.0485;G0Winter;11
1661;WD;0.10859999999999999;L0Winter;64
1662;SA;0.0675;G0Intermediate;15
1668;WD;0.1774;G0Intermediate;55
1671;SA;0.1923;H0Intermediate;77
1676;SU;0.1764;H0Winter;79
1677;WD;0.044899999999999995;H0Intermediate;21
1678;SU;0.1061;L0Winter;63
1691;WD;0.054700000000000006;G0Intermediate;12
1692;WD;0.1432;L0Winter;51
1701;WD;0.1061;L0Winter;90
1702;SU;0.0713;L0Intermediate;26
1703;WD;0.1071;L0Summer;88
1704;WD;0.13069999999999998;H0Intermediate;45
1716;SU;0.11370000000000001;L0Summer;72
1717;SA;0.0849;G0Summer;88
1722;SU;0.1673;H0Winter;56
1723;WD;0.23;G0Winter;42
1725;SU;0.048600000000000004;G0Summer;29
1726;SU;0.066;G0Summer;71
1609;SA;0.0691;L0Winter;8
1611;SA;0.094;L0Winter;60
1612;SA;0.148;H0Summer;64
1613;SA;0.0658;H0Summer;28
1614;SA;0.0574;L0Intermediate;24
1615;SU;0.119;H0Intermediate;73
1619;SU;0.207;H0Intermediate;52
1623;WD;0.12819999999999998;L0Summer;43
1624;WD;0.1057;H0Intermediate;67
1625;SA;0.09209999999999999;G0Intermediate;64
1626;SU;0.07640000000000001;L0Intermediate;96
1629;SU;0.1545;L0Intermediate;74
1630;WD;0.1065;H0Intermediate;69
1631;SU;0.0991;L0Summer;61
1635;WD;0.1745;H0Intermediate;82
1636;SA;0.1778;H0Summer;78
1637;SA;0.154;L0Intermediate;44
1638;SA;0.07659999999999999;G0Summer;73
1641;WD;0.128;H0Winter;56
1642;SU;0.1011;L0Summer;58
1643;SA;0.1757;G0Summer;53
1644;WD;0.1431;L0Intermediate;48
1649;SU;0.10740000000000001;H0Winter;69
1650;SA;0.1601;H0Summer;86
1656;WD;0.2047;L0Intermediate;80
1659;WD;0.133;H0Winter;52
1660;WD;0.21159999999999998;L0Winter;39
1663;SU;0.0513;G0Winter;38
1664;WD;0.0409;H0Winter;22
1665;SU;0.1056;H0Summer;35
1666;SU;0.054799999999999995;G0Summer;34
1667;SA;0.07659999999999999;G0Intermediate;8
1669;WD;0.1202;H0Winter;58
1670;SA;0.1658;H0Winter;51
1672;WD;0.1199;G0Winter;32
1673;SU;0.1856;H0Winter;45
1674;SU;0.1615;L0Winter;48
1675;WD;0.1938;G0Summer;52
1679;SA;0.0599;L0Intermediate;26
1680;WD;0.09759999999999999;G0Winter;30
1681;SU;0.0433;H0Winter;13
1682;SU;0.155;L0Winter;32
1683;WD;0.1168;H0Winter;59
1684;WD;0.1648;G0Intermediate;74
1685;WD;0.1681;G0Summer;56
1686;SU;0.1052;H0Winter;68
1687;SA;0.0804;G0Intermediate;29
1688;WD;0.1021;L0Intermediate;58
1689;WD;0.07940000000000001;G0Winter;89
1690;WD;0.1321;H0Intermediate;92
1693;WD;0.2085;G0Intermediate;38
1694;WD;0.1712;H0Winter;76
1695;SU;0.0735;G0Winter;48
1696;SU;0.054700000000000006;L0Intermediate;16
1697;SA;0.1769;L0Intermediate;41
1698;SA;0.0574;L0Winter;17
1699;SU;0.0505;G0Summer;13
1700;SA;0.08109999999999999;G0Intermediate;72
1705;SU;0.1692;H0Summer;56
1706;SU;0.062;G0Winter;66
1707;SA;0.1757;H0Summer;83
1708;SA;0.0509;L0Summer;17
1709;SU;0.038700000000000005;H0Winter;24
1710;SA;0.1029;L0Winter;58
1711;SU;0.0643;L0Winter;4
1712;SA;0.1475;L0Summer;48
1713;SU;0.0686;H0Winter;34
1714;SU;0.055299999999999995;L0Intermediate;11
1715;SU;0.146;L0Intermediate;50
1718;SU;0.09759999999999999;L0Winter;92
1719;SU;0.054200000000000005;G0Intermediate;37
1720;WD;0.0757;G0Summer;96
1721;SA;0.19590000000000002;L0Winter;42
1724;SA;0.0688;L0Intermediate;28
1728;SA;0.05;L0Summer;21
1729;SA;0.0484;H0Intermediate;10
1730;SA;0.0741;G0Summer;94
1731;SA;0.11209999999999999;G0Winter;61
1735;SA;0.1467;L0Intermediate;51
1737;SU;0.1746;H0Intermediate;55
1738;SA;0.1515;H0Winter;46
1740;SU;0.045200000000000004;G0Intermediate;28
1741;SU;0.15009999999999998;L0Summer;49
1743;SA;0.1162;L0Intermediate;72
1744;SA;0.1062;G0Summer;31
1745;SA;0.1469;H0Summer;71
1749;WD;0.0471;H0Summer;18
1751;SU;0.1416;H0Summer;60
1753;SU;0.0597;G0Summer;67
1755;WD;0.2383;G0Winter;49
1759;SA;0.0508;H0Summer;13
1760;SU;0.053700000000000005;L0Summer;9
1766;SU;0.042;G0Winter;21
1768;SU;0.1855;L0Winter;83
1769;SU;0.0674;G0Summer;3
1770;SA;0.0861;L0Intermediate;93
1775;WD;0.2381;G0Winter;46
1776;SU;0.075;L0Summer;95
1777;SA;0.077;G0Summer;28
1786;SA;0.1454;H0Intermediate;67
1787;WD;0.1348;H0Summer;33
1788;WD;0.038799999999999994;H0Winter;14
1792;WD;0.0475;H0Summer;14
1793;SU;0.10840000000000001;L0Summer;54
1794;WD;0.1378;H0Summer;34
1797;WD;0.10940000000000001;L0Intermediate;70
1801;WD;0.10729999999999999;G0Winter;31
1802;SU;0.0991;L0Intermediate;69
1804;WD;0.0715;G0Summer;2
1806;SA;0.07959999999999999;G0Summer;80
1807;SA;0.13090000000000002;G0Intermediate;59
1808;SU;0.197;H0Intermediate;46
1809;WD;0.0691;G0Winter;25
1810;SU;0.0691;G0Intermediate;93
1811;SU;0.1846;L0Intermediate;76
1812;SA;0.0858;G0Intermediate;79
1813;SA;0.0442;H0Intermediate;23
1815;SA;0.1581;H0Winter;58
1816;WD;0.1789;L0Summer;78
1817;SA;0.046799999999999994;H0Intermediate;11
1820;SU;0.07940000000000001;G0Summer;89
1821;WD;0.1479;H0Summer;91
1822;SU;0.1539;H0Summer;86
1823;WD;0.1401;H0Summer;47
1824;WD;0.12129999999999999;L0Summer;73
1825;WD;0.12409999999999999;L0Winter;69
1830;SU;0.2006;H0Winter;47
1848;SA;0.0715;L0Winter;6
1849;SU;0.0458;G0Winter;25
1851;WD;0.0725;L0Winter;26
1727;SA;0.0974;L0Intermediate;70
1732;WD;0.1046;G0Winter;81
1733;WD;0.1157;H0Summer;65
1734;WD;0.1205;G0Summer;33
1736;SU;0.0705;L0Summer;96
1739;WD;0.0605;L0Summer;4
1742;SA;0.0616;H0Winter;29
1746;SU;0.15009999999999998;L0Intermediate;49
1747;WD;0.0419;H0Winter;8
1748;SU;0.2087;H0Summer;48
1750;SA;0.055299999999999995;H0Winter;28
1752;WD;0.038299999999999994;H0Winter;16
1754;WD;0.1565;L0Intermediate;41
1756;WD;0.2185;L0Winter;38
1757;SU;0.2135;H0Intermediate;50
1758;SA;0.213;H0Winter;79
1761;SA;0.08059999999999999;L0Summer;92
1762;SA;0.1474;L0Summer;82
1763;SU;0.1047;L0Summer;89
1764;WD;0.11059999999999999;L0Winter;66
1765;SU;0.06459999999999999;G0Intermediate;4
1767;SA;0.0856;G0Winter;66
1771;SA;0.15730000000000002;L0Intermediate;75
1772;SA;0.067;G0Intermediate;14
1773;SA;0.1579;H0Intermediate;86
1774;WD;0.0829;G0Winter;28
1778;SA;0.1973;H0Intermediate;81
1779;SU;0.0648;L0Intermediate;2
1780;SU;0.046;G0Summer;24
1781;SA;0.0948;G0Winter;83
1782;SA;0.15419999999999998;G0Intermediate;57
1783;SU;0.0439;G0Winter;13
1784;WD;0.2047;L0Intermediate;37
1785;SU;0.1601;L0Summer;40
1789;WD;0.12029999999999999;H0Summer;71
1790;SA;0.1306;L0Winter;53
1791;WD;0.1482;L0Summer;33
1795;SA;0.1184;H0Intermediate;34
1796;SU;0.0868;H0Intermediate;3
1798;SU;0.1686;L0Intermediate;41
1799;WD;0.0897;G0Winter;29
1800;SA;0.1003;L0Intermediate;90
1803;SU;0.143;H0Summer;91
1805;SU;0.0499;H0Winter;9
1814;SU;0.15380000000000002;L0Intermediate;32
1818;WD;0.0386;H0Winter;15
1819;SU;0.1565;H0Summer;85
1826;SA;0.0885;L0Intermediate;68
1827;SA;0.1448;G0Summer;57
1828;SU;0.08159999999999999;H0Summer;33
1829;SA;0.1953;G0Intermediate;49
1831;WD;0.0569;L0Intermediate;10
1832;SA;0.14880000000000002;H0Intermediate;39
1833;SU;0.2297;L0Winter;77
1834;SA;0.15009999999999998;L0Summer;42
1835;WD;0.0505;G0Winter;9
1836;WD;0.1248;H0Intermediate;73
1837;SU;0.1408;L0Summer;42
1838;SA;0.087;G0Summer;86
1839;SA;0.0912;G0Intermediate;83
1840;WD;0.1571;G0Summer;74
1841;SA;0.12409999999999999;H0Winter;91
1842;SA;0.2104;H0Winter;80
1843;WD;0.13290000000000002;H0Intermediate;32
1844;SU;0.1158;L0Winter;57
1845;SU;0.1088;L0Summer;30
1846;SU;0.063;L0Winter;5
1847;SA;0.1794;G0Summer;43
1850;SU;0.0589;L0Summer;4
1852;SA;0.0399;H0Winter;15
1854;SA;0.0717;H0Summer;6
1855;SA;0.08979999999999999;H0Summer;2
1856;WD;0.1459;L0Intermediate;42
1857;SA;0.14730000000000001;H0Summer;65
1858;WD;0.0499;H0Winter;5
1860;SU;0.0536;H0Winter;8
1861;WD;0.1702;G0Summer;72
1862;SU;0.0757;H0Intermediate;5
1865;SA;0.0895;G0Winter;71
1869;WD;0.038799999999999994;H0Winter;19
1870;SA;0.0514;H0Summer;12
1871;SA;0.09090000000000001;L0Intermediate;92
1872;WD;0.10909999999999999;H0Intermediate;70
1873;SA;0.21209999999999998;L0Winter;77
1874;SU;0.0502;H0Summer;16
1875;WD;0.052700000000000004;L0Summer;11
1876;SU;0.0425;G0Winter;15
1877;WD;0.076;L0Winter;1
1878;SU;0.1075;L0Winter;62
1879;SU;0.076;G0Summer;50
1880;SA;0.058;H0Intermediate;7
1881;SU;0.10540000000000001;L0Winter;64
1882;SA;0.1756;H0Summer;49
1883;SA;0.0572;L0Summer;27
1884;SU;0.19169999999999998;L0Winter;34
1885;SA;0.0888;G0Winter;65
1886;SU;0.1866;L0Summer;36
1887;SU;0.08120000000000001;L0Intermediate;95
1888;WD;0.1142;H0Summer;67
1889;WD;0.2076;G0Summer;46
1890;SA;0.0431;H0Intermediate;19
1893;WD;0.15769999999999998;L0Intermediate;84
1894;SU;0.0892;H0Intermediate;96
1896;SU;0.1396;L0Intermediate;86
1897;SU;0.1076;H0Intermediate;94
1899;WD;0.055600000000000004;G0Intermediate;11
1900;WD;0.07479999999999999;L0Summer;28
1902;SU;0.1115;H0Winter;65
1904;SA;0.21459999999999999;L0Winter;39
1906;WD;0.1683;H0Summer;83
1908;SU;0.0499;H0Summer;18
1909;SA;0.1134;H0Winter;94
1910;SU;0.053200000000000004;L0Summer;10
1911;WD;0.0896;G0Summer;84
1912;WD;0.0586;G0Summer;7
1914;SA;0.1433;H0Winter;40
1921;SA;0.0714;L0Intermediate;2
1922;SA;0.15109999999999998;H0Summer;88
1923;SA;0.0858;G0Winter;70
1924;SA;0.0643;L0Summer;4
1926;WD;0.1374;L0Summer;50
1927;WD;0.0792;H0Summer;26
1928;SA;0.0502;L0Summer;19
1929;WD;0.1386;H0Summer;46
1932;SU;0.09309999999999999;G0Winter;78
1933;SU;0.0422;G0Winter;16
1936;SU;0.0517;H0Intermediate;10
1937;SA;0.181;L0Winter;35
1940;SU;0.07440000000000001;G0Summer;59
1942;SU;0.1389;L0Intermediate;73
1853;SA;0.0889;L0Summer;90
1859;SA;0.07590000000000001;G0Winter;92
1863;SU;0.0969;L0Summer;67
1864;WD;0.11359999999999999;L0Winter;30
1866;WD;0.0731;G0Summer;27
1867;SU;0.178;H0Winter;44
1868;SA;0.0757;G0Intermediate;94
1891;SU;0.054700000000000006;L0Intermediate;17
1892;SA;0.1015;H0Intermediate;1
1895;SA;0.0863;G0Summer;87
1898;SA;0.1539;L0Intermediate;46
1901;WD;0.1032;H0Winter;67
1903;WD;0.1721;L0Intermediate;83
1905;WD;0.10840000000000001;L0Winter;60
1907;SU;0.0793;G0Summer;56
1913;SU;0.1729;H0Winter;82
1915;SA;0.06659999999999999;H0Summer;7
1916;WD;0.0574;L0Winter;21
1917;SU;0.0859;H0Summer;4
1918;SU;0.0785;G0Summer;57
1919;SA;0.07629999999999999;G0Summer;7
1920;SA;0.07940000000000001;G0Summer;79
1925;SU;0.2057;L0Winter;82
1930;SU;0.046700000000000005;G0Intermediate;13
1931;SU;0.1515;H0Summer;87
1934;WD;0.0655;G0Winter;2
1935;SU;0.075;G0Intermediate;72
1938;SU;0.0588;L0Winter;11
1939;WD;0.1187;H0Winter;48
1941;WD;0.07790000000000001;G0Intermediate;96
1943;WD;0.14859999999999998;L0Intermediate;32
1950;SU;0.09440000000000001;G0Winter;81
1951;SA;0.09820000000000001;L0Winter;59
1952;SA;0.0685;G0Winter;22
1953;SA;0.1708;H0Intermediate;47
1954;WD;0.2005;G0Winter;36
1955;WD;0.188;L0Winter;41
1958;WD;0.1377;H0Intermediate;36
1959;WD;0.0396;H0Winter;11
1960;SA;0.07970000000000001;G0Intermediate;67
1961;SA;0.0832;G0Intermediate;73
1966;SA;0.0501;H0Summer;18
1967;WD;0.0676;H0Winter;2
1970;SU;0.0704;G0Intermediate;71
1971;SU;0.1245;L0Summer;52
1974;SU;0.0665;G0Intermediate;3
1975;SU;0.0455;H0Intermediate;14
1980;SA;0.1056;L0Intermediate;89
1981;SU;0.0708;G0Winter;46
1982;SA;0.0747;G0Summer;69
1983;SA;0.1065;H0Summer;33
1986;SU;0.0723;L0Intermediate;1
1989;WD;0.046299999999999994;H0Intermediate;22
1991;SA;0.142;L0Winter;52
1992;SU;0.063;G0Summer;70
1993;WD;0.1472;H0Intermediate;90
1996;SA;0.16440000000000002;L0Summer;79
1997;SU;0.0603;G0Intermediate;6
1998;SA;0.07759999999999999;G0Winter;5
1999;SA;0.0439;H0Intermediate;15
2000;SU;0.0535;H0Summer;12
2002;SU;0.147;H0Winter;58
2004;SA;0.1279;L0Summer;84
2006;SA;0.0726;G0Intermediate;10
2008;SA;0.1353;H0Winter;87
2010;SU;0.0487;H0Summer;26
2012;SA;0.1515;H0Winter;69
2013;SU;0.09609999999999999;L0Intermediate;64
2014;WD;0.0863;H0Intermediate;27
2015;WD;0.12940000000000002;L0Summer;51
2016;SU;0.0991;L0Summer;69
2017;SA;0.07;G0Summer;20
2020;WD;0.14909999999999998;H0Intermediate;76
2021;WD;0.1489;H0Intermediate;55
2026;SU;0.19340000000000002;L0Intermediate;39
2035;SU;0.1468;H0Winter;74
2036;SA;0.149;H0Intermediate;69
2037;SU;0.054700000000000006;L0Intermediate;21
2039;SA;0.0504;H0Summer;19
2040;SU;0.1546;L0Winter;46
2041;SA;0.1391;L0Summer;44
2042;SA;0.1758;L0Intermediate;82
2043;SA;0.0841;G0Intermediate;76
2044;SA;0.0719;G0Intermediate;96
2045;SA;0.040299999999999996;H0Winter;14
2046;SA;0.1008;H0Winter;96
2049;SA;0.0871;G0Intermediate;88
2050;SA;0.1057;L0Summer;54
2053;SA;0.1676;H0Winter;55
2054;SU;0.1555;H0Intermediate;78
2059;WD;0.0582;G0Winter;19
2060;SA;0.0878;G0Intermediate;65
2065;SA;0.05;H0Summer;15
2066;WD;0.0479;H0Intermediate;8
2067;WD;0.21680000000000002;G0Intermediate;45
2070;SA;0.1749;L0Summer;39
2071;SA;0.0775;H0Intermediate;30
2076;SA;0.0719;G0Summer;9
2077;WD;0.1107;H0Winter;61
2079;SA;0.13140000000000002;L0Intermediate;32
2080;SU;0.0645;G0Winter;69
2083;SU;0.1444;H0Winter;40
2084;SA;0.1395;H0Intermediate;92
2085;WD;0.13269999999999998;H0Winter;32
2086;SA;0.22619999999999998;L0Winter;79
2089;SU;0.1376;H0Intermediate;59
2092;SU;0.0431;H0Intermediate;19
2093;WD;0.1605;G0Winter;76
2094;WD;0.07759999999999999;G0Winter;90
2098;SU;0.1021;L0Winter;91
2100;SA;0.045399999999999996;H0Intermediate;24
2102;SU;0.061799999999999994;G0Winter;68
2105;SU;0.12090000000000001;H0Winter;71
2106;SA;0.1738;L0Summer;36
2107;SA;0.18780000000000002;G0Intermediate;53
2108;SA;0.0679;G0Summer;12
2109;SA;0.1875;G0Intermediate;39
2111;WD;0.053700000000000005;L0Intermediate;19
2112;WD;0.1232;L0Winter;53
2114;SA;0.1874;H0Winter;72
2115;WD;0.0783;L0Intermediate;96
2117;SU;0.0631;G0Summer;64
2119;SU;0.0828;G0Intermediate;51
2120;SA;0.1596;L0Intermediate;43
2122;SA;0.0645;G0Winter;17
2123;SU;0.0697;G0Summer;46
2126;SA;0.1328;H0Summer;36
2129;SA;0.1376;H0Winter;38
2131;WD;0.1677;L0Winter;33
1944;SA;0.0785;G0Summer;5
1945;SA;0.1615;H0Intermediate;72
1946;SA;0.044899999999999995;H0Intermediate;13
1947;SU;0.1232;L0Summer;73
1948;SA;0.17930000000000001;H0Summer;82
1949;SU;0.0445;G0Intermediate;22
1956;SU;0.08009999999999999;G0Winter;54
1957;WD;0.0825;H0Winter;96
1962;WD;0.1541;L0Summer;40
1963;SU;0.1464;L0Winter;85
1964;SA;0.1193;L0Winter;87
1965;WD;0.09759999999999999;L0Intermediate;92
1968;SU;0.048799999999999996;G0Winter;36
1969;SA;0.1411;H0Winter;39
1972;SA;0.0815;L0Summer;65
1973;SU;0.1443;L0Intermediate;47
1976;SA;0.14730000000000001;L0Summer;49
1977;WD;0.1093;L0Winter;57
1978;WD;0.1369;H0Intermediate;38
1979;SU;0.0692;G0Summer;72
1984;SU;0.1057;L0Intermediate;56
1985;SA;0.0765;G0Intermediate;70
1987;WD;0.060899999999999996;L0Winter;23
1988;SU;0.0469;G0Winter;11
1990;SU;0.1056;H0Intermediate;68
1994;SA;0.0747;G0Intermediate;9
1995;SA;0.145;H0Summer;67
2001;SU;0.0723;L0Winter;1
2003;SU;0.0814;G0Intermediate;78
2005;SU;0.1555;H0Intermediate;39
2007;SA;0.1751;G0Intermediate;36
2009;SU;0.071;G0Winter;61
2011;WD;0.20980000000000001;G0Intermediate;51
2018;SU;0.0841;G0Summer;85
2019;SA;0.1374;G0Intermediate;33
2022;WD;0.119;H0Winter;41
2023;SA;0.175;G0Summer;38
2024;SA;0.07759999999999999;G0Summer;74
2025;SU;0.12190000000000001;L0Winter;30
2027;SU;0.0648;G0Summer;63
2028;SA;0.179;H0Summer;50
2029;SA;0.0793;L0Winter;95
2030;SU;0.1447;H0Intermediate;87
2031;WD;0.1738;G0Summer;69
2032;WD;0.09409999999999999;G0Winter;84
2033;SA;0.146;H0Winter;42
2034;SA;0.1824;G0Summer;51
2038;SU;0.0664;G0Summer;95
2047;SA;0.1748;H0Intermediate;49
2048;SA;0.0953;L0Intermediate;59
2051;SA;0.07909999999999999;G0Summer;76
2052;SU;0.0573;L0Intermediate;8
2055;SU;0.0494;H0Intermediate;11
2056;SU;0.0626;G0Summer;41
2057;SU;0.1514;L0Summer;83
2058;SA;0.08070000000000001;H0Summer;4
2061;SA;0.056600000000000004;L0Intermediate;14
2062;WD;0.13240000000000002;H0Intermediate;43
2063;WD;0.1056;H0Winter;68
2064;WD;0.071;G0Summer;25
2068;SU;0.0455;H0Winter;11
2069;SU;0.141;L0Summer;32
2072;SA;0.09359999999999999;L0Summer;89
2073;SA;0.0704;G0Intermediate;11
2074;SA;0.19490000000000002;G0Intermediate;50
2075;WD;0.2304;G0Winter;40
2078;WD;0.1451;H0Summer;76
2081;SA;0.1846;G0Winter;54
2082;WD;0.1083;L0Winter;63
2087;SA;0.0562;H0Summer;26
2088;WD;0.0505;L0Summer;16
2090;SA;0.0974;L0Summer;31
2091;SU;0.0682;G0Summer;45
2095;SA;0.0917;G0Intermediate;84
2096;SA;0.1323;H0Winter;37
2097;SA;0.139;H0Intermediate;89
2099;WD;0.0985;L0Summer;90
2101;SA;0.09620000000000001;G0Winter;77
2103;SA;0.19190000000000002;G0Intermediate;44
2104;SU;0.041299999999999996;H0Winter;28
2110;WD;0.185;G0Intermediate;54
2113;SU;0.0626;L0Summer;2
2116;WD;0.1785;G0Summer;65
2118;SU;0.055200000000000006;L0Summer;7
2121;SU;0.0595;L0Winter;10
2124;SA;0.1495;H0Intermediate;87
2125;SA;0.1227;L0Summer;52
2127;SU;0.0489;H0Summer;23
2128;WD;0.1432;H0Summer;36
2130;SU;0.0505;G0Summer;30
2132;SA;0.0697;G0Winter;95
2133;WD;0.126;L0Summer;85
2135;WD;0.1016;L0Intermediate;68
2137;SU;0.0751;G0Summer;75
2138;WD;0.0645;G0Intermediate;5
2141;SA;0.1227;G0Winter;60
2145;SU;0.1653;H0Intermediate;40
2146;WD;0.1727;G0Winter;60
2147;SA;0.075;L0Winter;96
2150;SA;0.0634;L0Winter;12
2151;WD;0.1889;H0Winter;80
2152;SU;0.0864;G0Intermediate;86
2153;SA;0.0866;L0Summer;70
2157;SA;0.169;H0Summer;57
2158;SU;0.1088;L0Summer;88
2159;WD;0.07709999999999999;G0Winter;27
2160;SA;0.0885;H0Summer;31
2162;WD;0.10840000000000001;L0Winter;61
2164;SA;0.058;L0Summer;8
2165;WD;0.1357;H0Intermediate;33
2166;WD;0.085;G0Intermediate;88
2170;SA;0.18780000000000002;G0Intermediate;41
2171;SU;0.0505;L0Summer;16
2176;WD;0.15480000000000002;H0Intermediate;53
2177;WD;0.1596;L0Summer;82
2182;SU;0.1303;L0Intermediate;87
2183;WD;0.1409;L0Summer;48
2191;SU;0.0545;L0Intermediate;18
2192;WD;0.056100000000000004;G0Summer;17
2194;WD;0.2036;G0Summer;44
2195;SU;0.14980000000000002;L0Summer;48
2197;WD;0.048299999999999996;H0Summer;13
2198;SU;0.0443;H0Intermediate;27
2204;SU;0.0443;G0Intermediate;16
2207;SA;0.1107;G0Winter;31
2208;WD;0.15719999999999998;H0Intermediate;87
2211;SU;0.1608;H0Summer;83
2212;SA;0.1822;G0Intermediate;37
2213;WD;0.2075;L0Intermediate;79
2214;SA;0.0841;G0Intermediate;74
2134;SA;0.1345;G0Summer;33
2136;SU;0.0734;G0Winter;60
2139;WD;0.1385;H0Summer;44
2140;SU;0.052;G0Summer;10
2142;SU;0.0501;H0Summer;20
2143;WD;0.16540000000000002;G0Summer;60
2144;SU;0.0466;H0Winter;31
2148;SU;0.0519;L0Summer;13
2149;SA;0.16369999999999998;H0Summer;58
2154;SU;0.0635;G0Summer;5
2155;SU;0.051;G0Intermediate;32
2156;WD;0.13140000000000002;H0Intermediate;44
2161;WD;0.054799999999999995;G0Winter;6
2163;SU;0.0499;H0Summer;21
2167;SA;0.1603;L0Winter;84
2168;SU;0.1052;L0Intermediate;70
2169;SU;0.0819;G0Intermediate;50
2172;WD;0.1149;L0Summer;31
2173;WD;0.1083;L0Winter;62
2174;WD;0.1423;H0Summer;41
2175;SU;0.0442;H0Winter;12
2178;WD;0.1179;L0Summer;86
2179;SU;0.125;L0Winter;53
2180;SU;0.0986;L0Summer;62
2181;SA;0.0846;L0Summer;91
2184;SU;0.0997;L0Summer;60
2185;SU;0.18530000000000002;L0Intermediate;34
2186;SU;0.045899999999999996;G0Summer;26
2187;WD;0.1561;H0Summer;55
2188;SA;0.0557;L0Intermediate;15
2189;SA;0.0549;H0Intermediate;27
2190;SU;0.065;G0Winter;94
2193;SU;0.0637;L0Winter;24
2196;WD;0.0989;L0Summer;30
2199;WD;0.068;G0Intermediate;20
2200;SA;0.1787;H0Summer;55
2201;SU;0.2086;L0Winter;35
2202;SA;0.1115;H0Intermediate;96
2203;WD;0.233;G0Winter;50
2205;WD;0.1196;H0Summer;63
2206;WD;0.1;L0Intermediate;29
2209;SU;0.052399999999999995;H0Summer;13
2210;SU;0.1489;L0Summer;75
2215;SU;0.0582;L0Intermediate;7
2216;WD;0.1601;H0Summer;86
2218;SU;0.0691;G0Winter;45
2219;SU;0.2059;H0Winter;52
2221;SU;0.0484;H0Summer;24
2222;SA;0.1472;G0Summer;34
2225;SA;0.11159999999999999;L0Intermediate;88
2226;WD;0.2122;G0Intermediate;42
2228;SA;0.1373;H0Intermediate;93
2233;SA;0.199;L0Winter;76
2234;SU;0.0514;G0Summer;11
2236;SU;0.22790000000000002;L0Winter;37
2237;WD;0.17980000000000002;L0Summer;79
2238;SU;0.053899999999999997;G0Summer;35
2239;SU;0.0851;G0Intermediate;80
2240;SU;0.0756;G0Intermediate;47
2244;SU;0.0778;G0Winter;58
2245;SU;0.08;L0Summer;94
2247;WD;0.1296;H0Winter;51
2248;SU;0.0872;L0Winter;94
2249;SU;0.061200000000000004;G0Winter;67
2250;SA;0.1673;H0Intermediate;85
2252;SA;0.1754;L0Winter;44
2253;SU;0.11320000000000001;L0Winter;59
2254;SU;0.1565;L0Intermediate;42
2255;SU;0.1436;H0Intermediate;88
2258;WD;0.0592;G0Intermediate;8
2259;SU;0.0627;L0Intermediate;3
2260;WD;0.15669999999999998;H0Summer;51
2265;SU;0.052899999999999996;G0Intermediate;35
2266;WD;0.1255;L0Intermediate;87
2268;SA;0.0785;G0Intermediate;6
2269;SU;0.0533;G0Summer;37
2271;SA;0.07379999999999999;G0Winter;93
2274;WD;0.1254;H0Winter;50
2275;SU;0.0945;L0Summer;29
2276;SA;0.19340000000000002;G0Intermediate;45
2277;SA;0.1545;L0Winter;51
2281;SA;0.1454;L0Winter;33
2282;SA;0.0917;L0Intermediate;69
2289;SU;0.049;G0Winter;35
2290;SA;0.0724;H0Summer;29
2292;WD;0.2315;L0Winter;80
2294;SA;0.0824;L0Summer;30
2300;SU;0.1805;L0Summer;35
2301;SU;0.2374;L0Winter;79
2302;WD;0.1765;L0Summer;80
2303;WD;0.09559999999999999;H0Intermediate;96
2308;WD;0.1799;G0Summer;54
2309;WD;0.039299999999999995;H0Winter;20
2310;SU;0.0741;H0Summer;6
2312;SU;0.0418;G0Winter;20
2313;WD;0.1817;G0Intermediate;71
2316;SA;0.1763;G0Summer;40
2319;SU;0.1057;H0Summer;69
2321;WD;0.0608;H0Winter;3
2322;SU;0.0424;H0Winter;29
2323;WD;0.0523;L0Summer;12
2324;SU;0.0945;L0Intermediate;67
2325;SA;0.1088;L0Intermediate;56
2326;WD;0.1782;G0Summer;66
2327;WD;0.1768;G0Summer;67
2329;SU;0.0635;G0Intermediate;1
2333;WD;0.10479999999999999;L0Summer;54
2336;SA;0.1839;H0Summer;53
2337;SU;0.0654;G0Intermediate;41
2338;SA;0.057;L0Winter;20
2340;SA;0.162;H0Intermediate;43
2342;SA;0.16540000000000002;G0Winter;35
2344;SA;0.1556;L0Summer;81
2348;SU;0.10740000000000001;L0Winter;29
2349;SA;0.12190000000000001;H0Intermediate;95
2353;SU;0.0565;L0Intermediate;9
2354;SA;0.0746;G0Summer;2
2355;SA;0.0724;G0Summer;23
2356;SA;0.0673;G0Intermediate;13
2359;WD;0.09720000000000001;L0Summer;64
2360;WD;0.18209999999999998;G0Winter;62
2362;WD;0.1161;H0Winter;46
2364;SU;0.0731;G0Intermediate;60
2370;SU;0.056799999999999996;G0Winter;40
2371;SA;0.0503;H0Summer;14
2372;SA;0.0474;H0Intermediate;25
2376;SU;0.1556;H0Winter;84
2378;SU;0.13369999999999999;L0Summer;44
2381;SU;0.2066;L0Intermediate;37
2382;SU;0.159;H0Summer;57
2217;SA;0.069;G0Summer;19
2220;SA;0.13269999999999998;L0Winter;72
2223;SU;0.0579;G0Intermediate;7
2224;SU;0.0649;H0Summer;31
2227;SA;0.0595;H0Winter;6
2229;SU;0.0693;G0Winter;92
2230;WD;0.0701;G0Summer;21
2231;SU;0.0433;H0Intermediate;21
2232;SA;0.145;H0Intermediate;66
2235;SA;0.2132;H0Winter;78
2241;SA;0.09340000000000001;L0Intermediate;30
2242;SU;0.067;G0Intermediate;94
2243;SU;0.0635;G0Summer;1
2246;SA;0.061399999999999996;L0Summer;6
2251;WD;0.0999;L0Intermediate;67
2256;SA;0.09390000000000001;L0Winter;92
2257;SU;0.1047;L0Summer;55
2261;WD;0.2205;G0Intermediate;49
2262;SU;0.1363;L0Intermediate;31
2263;SA;0.040299999999999996;H0Winter;24
2264;WD;0.053700000000000005;G0Summer;11
2267;WD;0.1162;L0Intermediate;71
2270;WD;0.056299999999999996;L0Winter;18
2272;WD;0.18;G0Intermediate;72
2273;WD;0.0591;L0Intermediate;7
2278;SU;0.0496;L0Summer;18
2279;SA;0.19169999999999998;G0Intermediate;52
2280;SU;0.0686;G0Summer;94
2283;SU;0.0434;G0Winter;23
2284;SU;0.0688;G0Summer;2
2285;SU;0.0685;G0Intermediate;43
2286;SA;0.07579999999999999;G0Intermediate;2
2287;WD;0.054700000000000006;L0Intermediate;21
2288;WD;0.2019;G0Intermediate;52
2291;SA;0.1161;L0Winter;55
2293;SU;0.0668;G0Summer;62
2295;WD;0.1982;L0Intermediate;77
2296;SA;0.1519;L0Intermediate;45
2297;WD;0.2355;G0Winter;45
2298;SU;0.1138;H0Summer;95
2299;WD;0.18580000000000002;L0Intermediate;76
2304;SU;0.061;G0Winter;3
2305;WD;0.0433;H0Intermediate;17
2306;WD;0.0626;G0Winter;3
2307;WD;0.1623;H0Summer;85
2311;SU;0.104;H0Winter;93
2314;SA;0.078;G0Winter;91
2315;SU;0.109;H0Winter;37
2317;SU;0.1454;L0Winter;51
2318;SU;0.1195;L0Intermediate;53
2320;SA;0.0857;G0Summer;84
2328;SU;0.060399999999999995;G0Summer;66
2330;SU;0.209;H0Summer;52
2331;SU;0.14730000000000001;H0Winter;85
2332;WD;0.0579;L0Winter;14
2334;SU;0.0495;G0Winter;37
2335;SU;0.1415;H0Intermediate;76
2339;SA;0.1052;G0Intermediate;31
2341;WD;0.0493;H0Summer;20
2343;WD;0.1024;H0Winter;65
2345;SU;0.13240000000000002;H0Summer;62
2346;SU;0.0453;G0Intermediate;27
2347;SU;0.1606;H0Intermediate;79
2350;WD;0.2195;L0Winter;81
2351;WD;0.1987;G0Summer;39
2352;WD;0.10790000000000001;H0Winter;62
2357;SU;0.0975;L0Summer;68
2358;WD;0.097;L0Summer;66
2361;SU;0.0444;G0Winter;24
2363;SU;0.1381;L0Intermediate;51
2365;SA;0.1462;H0Summer;66
2366;SA;0.0793;G0Summer;91
2367;WD;0.065;G0Winter;22
2368;SA;0.1814;H0Summer;81
2369;SA;0.071;G0Summer;21
2373;SA;0.0499;H0Summer;16
2374;SU;0.1871;L0Summer;37
2375;SA;0.1906;L0Intermediate;80
2377;SA;0.1426;G0Intermediate;58
2379;SA;0.1928;G0Winter;39
2380;SA;0.0633;H0Winter;5
2383;WD;0.1732;L0Summer;77
2384;SU;0.2329;L0Winter;80
2387;SU;0.0952;H0Winter;36
2388;SU;0.06409999999999999;G0Intermediate;96
2391;SU;0.1165;H0Intermediate;93
2392;SA;0.15230000000000002;H0Intermediate;62
2394;WD;0.15480000000000002;H0Summer;89
2395;SA;0.060700000000000004;H0Intermediate;28
2397;WD;0.1173;H0Winter;42
2399;WD;0.1615;H0Intermediate;85
2400;SA;0.0509;H0Summer;23
2404;WD;0.1115;H0Winter;29
2405;SU;0.0465;G0Summer;19
2410;WD;0.2007;G0Winter;67
2412;SU;0.2023;H0Summer;53
2414;WD;0.1579;H0Summer;78
2416;WD;0.1113;G0Winter;80
2419;SU;0.046700000000000005;G0Summer;17
2420;SA;0.109;H0Intermediate;33
2422;SU;0.047799999999999995;H0Intermediate;12
2424;SU;0.0695;G0Winter;70
2426;WD;0.0603;L0Intermediate;6
2427;SU;0.0645;H0Intermediate;7
2428;WD;0.0479;G0Winter;12
2429;SA;0.1956;G0Winter;52
2430;SA;0.073;G0Winter;3
2431;WD;0.2009;G0Winter;68
2434;SU;0.1931;H0Summer;45
2435;SA;0.154;H0Summer;73
2438;WD;0.0852;L0Summer;93
2439;WD;0.05;L0Summer;21
2440;WD;0.0525;H0Intermediate;6
2441;SA;0.1672;L0Summer;40
2442;WD;0.0832;G0Intermediate;89
2444;WD;0.0494;G0Winter;10
2446;SU;0.0992;L0Intermediate;60
2447;SA;0.0813;L0Summer;63
2449;SA;0.1724;H0Summer;48
2450;SA;0.199;H0Intermediate;79
2453;SA;0.09359999999999999;L0Summer;57
2454;SU;0.0683;G0Intermediate;2
2457;SA;0.1638;L0Winter;34
2458;SU;0.0613;L0Intermediate;4
2461;WD;0.09820000000000001;L0Summer;69
2463;WD;0.139;L0Intermediate;43
2466;WD;0.053700000000000005;L0Summer;9
2467;SA;0.08020000000000001;H0Intermediate;2
2470;WD;0.1395;H0Summer;43
2471;WD;0.1465;H0Summer;49
2385;SA;0.0691;G0Winter;9
2386;SU;0.0499;H0Summer;17
2389;WD;0.2312;G0Winter;43
2390;SA;0.0541;H0Intermediate;8
2393;WD;0.1706;L0Intermediate;40
2396;SU;0.0886;G0Intermediate;84
2398;SA;0.15209999999999999;G0Intermediate;34
2401;SU;0.19540000000000002;L0Intermediate;77
2402;SU;0.060200000000000004;L0Intermediate;5
2403;SU;0.0436;G0Intermediate;20
2406;WD;0.0676;L0Winter;25
2407;SA;0.1628;L0Summer;35
2408;SU;0.1163;L0Winter;88
2409;SU;0.0433;H0Intermediate;23
2411;SU;0.0549;H0Intermediate;9
2413;WD;0.1004;G0Intermediate;31
2415;SU;0.0523;G0Intermediate;33
2417;SU;0.16469999999999999;L0Winter;84
2418;SA;0.1953;G0Intermediate;48
2421;SU;0.10679999999999999;L0Summer;71
2423;WD;0.13119999999999998;L0Summer;46
2425;WD;0.0737;G0Winter;94
2432;WD;0.0703;L0Intermediate;2
2433;WD;0.0465;H0Summer;16
2436;SA;0.0968;G0Winter;76
2437;WD;0.1769;L0Winter;73
2443;SU;0.0765;L0Winter;96
2445;WD;0.0896;L0Summer;92
2448;WD;0.0863;G0Summer;88
2451;WD;0.1174;H0Summer;64
2452;SA;0.0963;G0Winter;82
2455;SU;0.0574;L0Summer;5
2456;SA;0.14780000000000001;H0Summer;38
2459;SU;0.1701;L0Summer;34
2460;WD;0.0891;L0Winter;94
2462;SU;0.0804;G0Summer;81
2464;SA;0.0433;H0Intermediate;21
2465;WD;0.1445;L0Intermediate;85
2468;SA;0.164;H0Summer;75
2469;WD;0.0619;L0Winter;7
2472;SU;0.0474;G0Winter;26
2473;SU;0.15380000000000002;L0Winter;45
2476;SA;0.1656;H0Summer;45
2477;SA;0.05;L0Summer;20
2479;SA;0.0694;L0Intermediate;3
2480;SA;0.0841;G0Intermediate;77
2482;SU;0.0732;L0Summer;27
2485;SA;0.0676;L0Winter;9
2486;SA;0.179;H0Winter;83
2488;SU;0.1169;L0Winter;55
2491;SU;0.0582;H0Winter;7
2492;WD;0.18209999999999998;G0Intermediate;68
2495;WD;0.1725;G0Intermediate;62
2496;WD;0.0606;G0Intermediate;7
2498;WD;0.1162;H0Winter;43
2505;SA;0.063;L0Summer;5
2506;WD;0.1149;L0Intermediate;53
2507;SU;0.0799;H0Summer;5
2508;WD;0.10629999999999999;G0Summer;32
2511;WD;0.0502;G0Winter;16
2512;SA;0.156;H0Winter;48
2515;SU;0.054700000000000006;G0Summer;38
2516;SU;0.038799999999999994;H0Winter;19
2520;SA;0.073;L0Winter;3
2523;SA;0.1449;H0Winter;68
2524;WD;0.10990000000000001;H0Winter;69
2527;SA;0.0391;H0Winter;23
2530;WD;0.12240000000000001;H0Summer;62
2533;SU;0.0573;L0Intermediate;23
2534;WD;0.12329999999999999;G0Intermediate;77
2536;WD;0.1313;L0Intermediate;31
2540;SU;0.154;H0Winter;41
2541;WD;0.1448;G0Winter;77
2542;SU;0.127;H0Summer;63
2543;SA;0.0818;L0Summer;68
2548;SA;0.1951;G0Winter;40
2549;SU;0.054299999999999994;L0Intermediate;20
2550;SA;0.0963;G0Winter;78
2552;WD;0.18130000000000002;G0Intermediate;69
2554;SA;0.1906;G0Winter;53
2555;SU;0.0767;G0Intermediate;90
2557;WD;0.1683;H0Summer;80
2559;SU;0.07840000000000001;G0Winter;52
2562;SU;0.06;G0Summer;40
2564;SU;0.0615;G0Intermediate;67
2567;SA;0.0867;L0Intermediate;64
2570;SA;0.1589;H0Intermediate;42
2574;SA;0.2056;G0Winter;49
2575;WD;0.0902;G0Summer;86
2578;SA;0.0624;L0Intermediate;8
2579;WD;0.0669;L0Winter;4
2580;WD;0.15630000000000002;G0Summer;35
2581;WD;0.0863;H0Summer;2
2583;SU;0.0496;G0Summer;14
2588;WD;0.0616;H0Intermediate;25
2589;SA;0.0777;G0Intermediate;4
2592;SU;0.1321;H0Winter;60
2593;WD;0.2055;G0Winter;72
2596;SA;0.0439;H0Winter;10
2597;SA;0.1725;H0Intermediate;48
2599;SU;0.0923;G0Winter;76
2600;SA;0.1956;L0Winter;36
2602;SA;0.1715;H0Intermediate;57
2604;WD;0.0965;H0Summer;1
2606;SA;0.1556;H0Intermediate;61
2607;SA;0.1805;H0Summer;79
2608;SA;0.085;G0Intermediate;89
2610;SU;0.0829;G0Summer;83
2616;SA;0.0689;H0Winter;30
2619;SU;0.13;H0Winter;72
2620;SA;0.1895;G0Winter;38
2623;SU;0.0531;G0Intermediate;36
2624;SA;0.131;H0Winter;88
2625;WD;0.13319999999999999;H0Winter;89
2626;SA;0.09570000000000001;H0Winter;33
2627;WD;0.1269;L0Summer;45
2628;SA;0.0436;H0Intermediate;22
2631;WD;0.0731;L0Summer;96
2632;SU;0.102;L0Intermediate;58
2633;WD;0.0437;H0Intermediate;19
2634;WD;0.2058;G0Winter;71
2639;WD;0.1657;H0Intermediate;84
2640;WD;0.054;L0Intermediate;20
2642;WD;0.1724;G0Summer;71
2648;SU;0.056;L0Summer;24
2649;WD;0.0533;G0Summer;13
2653;SA;0.0674;L0Summer;96
2654;SA;0.1766;G0Summer;41
2656;WD;0.1103;L0Winter;56
2657;SU;0.2066;H0Winter;48
2474;SA;0.0729;G0Intermediate;25
2475;SA;0.19390000000000002;G0Intermediate;51
2478;SU;0.0719;G0Summer;73
2481;WD;0.1215;G0Summer;77
2483;WD;0.1571;G0Winter;34
2484;SA;0.1694;H0Winter;54
2487;SU;0.0639;H0Summer;8
2489;SU;0.058;G0Summer;7
2490;SA;0.056100000000000004;L0Intermediate;22
2493;SA;0.068;G0Summer;18
2494;WD;0.0523;G0Winter;17
2497;SU;0.1424;L0Winter;71
2499;SA;0.0431;H0Intermediate;20
2500;WD;0.0541;L0Intermediate;16
2501;SA;0.11159999999999999;L0Intermediate;31
2502;WD;0.0714;G0Summer;22
2503;WD;0.09620000000000001;L0Summer;60
2504;SA;0.1758;H0Intermediate;56
2509;SU;0.0597;G0Summer;68
2510;SA;0.0974;G0Winter;63
2513;SA;0.0435;H0Intermediate;16
2514;WD;0.0635;G0Winter;21
2517;SA;0.0813;L0Summer;67
2518;SA;0.0703;L0Summer;95
2519;SA;0.1198;G0Intermediate;60
2521;SU;0.071;G0Summer;93
2522;WD;0.0757;G0Intermediate;24
2525;SU;0.159;H0Summer;84
2526;SA;0.11159999999999999;L0Winter;56
2528;SA;0.0591;L0Intermediate;11
2529;SU;0.0546;L0Intermediate;14
2531;SU;0.18109999999999998;L0Summer;79
2532;SA;0.19240000000000002;H0Intermediate;82
2535;WD;0.0431;H0Intermediate;16
2537;SA;0.0849;H0Summer;3
2538;SA;0.0704;L0Winter;7
2539;SA;0.2083;G0Winter;47
2544;SU;0.1043;H0Intermediate;35
2545;SA;0.18519999999999998;G0Summer;47
2546;WD;0.1272;H0Winter;90
2547;WD;0.0433;H0Intermediate;13
2551;SU;0.09820000000000001;L0Intermediate;61
2553;WD;0.1702;L0Intermediate;75
2556;SA;0.0503;L0Summer;22
2558;WD;0.1524;H0Winter;74
2560;SA;0.1434;L0Summer;43
2561;WD;0.1574;L0Winter;48
2563;WD;0.07690000000000001;L0Summer;95
2565;SU;0.0517;G0Winter;31
2566;SA;0.18309999999999998;G0Summer;45
2568;WD;0.1507;L0Winter;46
2569;SA;0.07659999999999999;H0Summer;5
2571;WD;0.1384;H0Winter;88
2572;SU;0.0583;H0Winter;33
2573;WD;0.08009999999999999;L0Winter;96
2576;SU;0.06459999999999999;G0Summer;96
2577;SU;0.114;L0Intermediate;71
2582;SU;0.0723;H0Summer;32
2584;WD;0.055600000000000004;H0Summer;23
2585;WD;0.2299;G0Winter;41
2586;WD;0.109;H0Intermediate;65
2587;WD;0.1181;H0Intermediate;62
2590;SU;0.1326;L0Winter;86
2591;SA;0.1055;L0Winter;70
2594;WD;0.0541;G0Summer;16
2595;WD;0.1408;H0Summer;42
2598;SA;0.0968;G0Winter;79
2601;WD;0.07490000000000001;H0Winter;1
2603;SU;0.09620000000000001;H0Winter;94
2605;SA;0.1;L0Intermediate;58
2609;WD;0.1057;H0Winter;93
2611;WD;0.055600000000000004;L0Intermediate;13
2612;SU;0.2223;L0Winter;81
2613;WD;0.1035;H0Winter;64
2614;SA;0.1994;H0Intermediate;80
2615;SU;0.0785;G0Summer;53
2617;SA;0.1142;L0Summer;32
2618;SA;0.112;G0Summer;60
2621;SA;0.0832;G0Summer;89
2622;WD;0.18819999999999998;H0Winter;79
2629;WD;0.1489;L0Winter;32
2630;SU;0.0733;G0Summer;92
2635;SU;0.1083;H0Winter;66
2636;WD;0.2;G0Summer;41
2637;SA;0.0878;G0Winter;29
2638;SA;0.18409999999999999;G0Summer;50
2641;SA;0.0414;H0Winter;12
2643;WD;0.2018;G0Winter;69
2644;SA;0.1178;L0Winter;71
2645;SA;0.149;H0Summer;89
2646;SU;0.0608;L0Winter;8
2647;WD;0.1372;H0Intermediate;34
2650;WD;0.18819999999999998;G0Winter;63
2651;SU;0.1809;H0Summer;55
2652;SU;0.0778;G0Summer;52
2655;WD;0.1715;G0Summer;62
2658;WD;0.16390000000000002;H0Winter;84
2659;SA;0.07440000000000001;G0Summer;70
2662;SU;0.047200000000000006;G0Intermediate;30
2663;WD;0.1869;G0Summer;53
2664;WD;0.0635;G0Summer;5
2665;SA;0.14909999999999998;L0Winter;73
2666;SU;0.21180000000000002;H0Winter;50
2667;SA;0.142;L0Summer;50
2668;SU;0.1353;L0Summer;51
2669;SU;0.21059999999999998;H0Winter;49
2671;SU;0.0626;G0Intermediate;5
2676;SU;0.1144;L0Winter;68
2677;SU;0.0439;G0Intermediate;21
2678;WD;0.19569999999999999;G0Winter;54
2681;WD;0.0574;L0Winter;15
2682;SA;0.1495;H0Intermediate;63
2683;SA;0.113;L0Summer;53
2684;SU;0.10590000000000001;H0Winter;67
2687;WD;0.1336;H0Summer;59
2660;SA;0.08220000000000001;G0Winter;89
2661;SU;0.1002;L0Summer;90
2670;WD;0.0682;G0Winter;1
2672;WD;0.069;G0Summer;3
2673;SA;0.07590000000000001;G0Winter;4
2674;WD;0.1489;H0Winter;86
2675;WD;0.1055;H0Winter;63
2679;WD;0.1738;G0Winter;57
2680;SA;0.1941;L0Intermediate;39
2685;SA;0.1564;H0Intermediate;71
2686;SU;0.1067;H0Summer;68
2688;SU;0.0599;H0Summer;9
